start,end,duration_min,stage
2024-01-15 23:28:00 +0100,2024-01-16 07:16:44 +0100,468.74,InBed
2024-01-15 23:32:00 +0100,2024-01-16 01:01:14 +0100,89.25,AsleepCore
2024-01-16 01:01:14 +0100,2024-01-16 02:26:30 +0100,85.26,AsleepDeep
2024-01-16 02:26:30 +0100,2024-01-16 02:50:16 +0100,23.78,AsleepREM
2024-01-16 02:50:16 +0100,2024-01-16 02:54:33 +0100,4.28,Awake
2024-01-16 02:54:33 +0100,2024-01-16 04:12:39 +0100,78.09,AsleepCore
2024-01-16 04:12:39 +0100,2024-01-16 05:09:29 +0100,56.84,AsleepDeep
2024-01-16 05:09:29 +0100,2024-01-16 05:41:11 +0100,31.7,AsleepREM
2024-01-16 05:41:11 +0100,2024-01-16 05:46:54 +0100,5.71,Awake
2024-01-16 05:46:54 +0100,2024-01-16 06:42:40 +0100,55.78,AsleepCore
2024-01-16 06:42:40 +0100,2024-01-16 07:06:27 +0100,23.78,AsleepREM
2024-01-16 07:06:27 +0100,2024-01-16 07:10:44 +0100,4.28,Awake
2024-01-17 00:52:00 +0100,2024-01-17 07:58:11 +0100,426.19,InBed
2024-01-17 00:59:16 +0100,2024-01-17 02:31:24 +0100,92.12,AsleepCore
2024-01-17 02:31:24 +0100,2024-01-17 03:11:46 +0100,40.37,AsleepDeep
2024-01-17 03:11:46 +0100,2024-01-17 03:40:39 +0100,28.88,AsleepREM
2024-01-17 03:40:39 +0100,2024-01-17 03:47:32 +0100,6.89,Awake
2024-01-17 03:47:32 +0100,2024-01-17 05:08:09 +0100,80.61,AsleepCore
2024-01-17 05:08:09 +0100,2024-01-17 05:35:04 +0100,26.91,AsleepDeep
2024-01-17 05:35:04 +0100,2024-01-17 06:13:34 +0100,38.51,AsleepREM
2024-01-17 06:13:34 +0100,2024-01-17 06:22:45 +0100,9.18,Awake
2024-01-17 06:22:45 +0100,2024-01-17 07:20:20 +0100,57.58,AsleepCore
2024-01-17 07:20:20 +0100,2024-01-17 07:49:12 +0100,28.88,AsleepREM
2024-01-17 07:49:12 +0100,2024-01-17 07:56:06 +0100,6.89,Awake
2024-01-17 22:27:00 +0100,2024-01-18 05:53:23 +0100,446.39,InBed
2024-01-17 22:31:11 +0100,2024-01-18 00:00:34 +0100,89.38,AsleepCore
2024-01-18 00:00:34 +0100,2024-01-18 00:55:04 +0100,54.5,AsleepDeep
2024-01-18 00:55:04 +0100,2024-01-18 01:29:47 +0100,34.72,AsleepREM
2024-01-18 01:29:47 +0100,2024-01-18 01:30:28 +0100,0.68,Awake
2024-01-18 01:30:28 +0100,2024-01-18 02:48:40 +0100,78.21,AsleepCore
2024-01-18 02:48:40 +0100,2024-01-18 03:25:00 +0100,36.33,AsleepDeep
2024-01-18 03:25:00 +0100,2024-01-18 04:11:17 +0100,46.29,AsleepREM
2024-01-18 04:11:17 +0100,2024-01-18 04:12:12 +0100,0.91,Awake
2024-01-18 04:12:12 +0100,2024-01-18 05:08:03 +0100,55.86,AsleepCore
2024-01-18 05:08:03 +0100,2024-01-18 05:42:46 +0100,34.72,AsleepREM
2024-01-18 05:42:46 +0100,2024-01-18 05:43:27 +0100,0.68,Awake
2024-01-18 22:03:00 +0100,2024-01-19 05:31:05 +0100,448.09,InBed
2024-01-18 22:06:51 +0100,2024-01-18 23:46:15 +0100,99.4,AsleepCore
2024-01-18 23:46:15 +0100,2024-01-19 00:34:19 +0100,48.07,AsleepDeep
2024-01-19 00:34:19 +0100,2024-01-19 01:03:01 +0100,28.7,AsleepREM
2024-01-19 01:03:01 +0100,2024-01-19 01:06:41 +0100,3.66,Awake
2024-01-19 01:06:41 +0100,2024-01-19 02:33:39 +0100,86.97,AsleepCore
2024-01-19 02:33:39 +0100,2024-01-19 03:05:42 +0100,32.04,AsleepDeep
2024-01-19 03:05:42 +0100,2024-01-19 03:43:58 +0100,38.27,AsleepREM
2024-01-19 03:43:58 +0100,2024-01-19 03:48:51 +0100,4.88,Awake
2024-01-19 03:48:51 +0100,2024-01-19 04:50:58 +0100,62.12,AsleepCore
2024-01-19 04:50:58 +0100,2024-01-19 05:19:40 +0100,28.7,AsleepREM
2024-01-19 05:19:40 +0100,2024-01-19 05:23:20 +0100,3.66,Awake
2024-01-19 23:46:00 +0100,2024-01-20 06:44:53 +0100,418.89,InBed
2024-01-19 23:54:53 +0100,2024-01-20 01:16:50 +0100,81.95,AsleepCore
2024-01-20 01:16:50 +0100,2024-01-20 02:00:32 +0100,43.7,AsleepDeep
2024-01-20 02:00:32 +0100,2024-01-20 02:38:00 +0100,37.47,AsleepREM
2024-01-20 02:38:00 +0100,2024-01-20 02:41:15 +0100,3.24,Awake
2024-01-20 02:41:15 +0100,2024-01-20 03:52:57 +0100,71.71,AsleepCore
2024-01-20 03:52:57 +0100,2024-01-20 04:22:05 +0100,29.13,AsleepDeep
2024-01-20 04:22:05 +0100,2024-01-20 05:12:03 +0100,49.96,AsleepREM
2024-01-20 05:12:03 +0100,2024-01-20 05:16:22 +0100,4.32,Awake
2024-01-20 05:16:22 +0100,2024-01-20 06:07:36 +0100,51.22,AsleepCore
2024-01-20 06:07:36 +0100,2024-01-20 06:45:04 +0100,37.47,AsleepREM
2024-01-20 06:45:04 +0100,2024-01-20 06:48:19 +0100,3.24,Awake
2024-01-20 23:09:00 +0100,2024-01-21 06:43:06 +0100,454.12,InBed
2024-01-20 23:18:45 +0100,2024-01-21 01:15:24 +0100,116.65,AsleepCore
2024-01-21 01:15:24 +0100,2024-01-21 01:46:20 +0100,30.93,AsleepDeep
2024-01-21 01:46:20 +0100,2024-01-21 02:12:20 +0100,26.0,AsleepREM
2024-01-21 02:12:20 +0100,2024-01-21 02:15:28 +0100,3.14,Awake
2024-01-21 02:15:28 +0100,2024-01-21 03:57:32 +0100,102.07,AsleepCore
2024-01-21 03:57:32 +0100,2024-01-21 04:18:09 +0100,20.62,AsleepDeep
2024-01-21 04:18:09 +0100,2024-01-21 04:52:49 +0100,34.67,AsleepREM
2024-01-21 04:52:49 +0100,2024-01-21 04:57:01 +0100,4.19,Awake
2024-01-21 04:57:01 +0100,2024-01-21 06:09:55 +0100,72.91,AsleepCore
2024-01-21 06:09:55 +0100,2024-01-21 06:35:55 +0100,26.0,AsleepREM
2024-01-21 06:35:55 +0100,2024-01-21 06:39:04 +0100,3.14,Awake
2024-01-22 00:44:00 +0100,2024-01-22 08:23:49 +0100,459.83,InBed
2024-01-22 00:52:31 +0100,2024-01-22 02:26:43 +0100,94.19,AsleepCore
2024-01-22 02:26:43 +0100,2024-01-22 03:30:07 +0100,63.41,AsleepDeep
2024-01-22 03:30:07 +0100,2024-01-22 03:58:09 +0100,28.03,AsleepREM
2024-01-22 03:58:09 +0100,2024-01-22 04:01:01 +0100,2.87,Awake
2024-01-22 04:01:01 +0100,2024-01-22 05:23:26 +0100,82.42,AsleepCore
2024-01-22 05:23:26 +0100,2024-01-22 06:05:43 +0100,42.27,AsleepDeep
2024-01-22 06:05:43 +0100,2024-01-22 06:43:05 +0100,37.37,AsleepREM
2024-01-22 06:43:05 +0100,2024-01-22 06:46:55 +0100,3.83,Awake
2024-01-22 06:46:55 +0100,2024-01-22 07:45:47 +0100,58.87,AsleepCore
2024-01-22 07:45:47 +0100,2024-01-22 08:13:49 +0100,28.03,AsleepREM
2024-01-22 08:13:49 +0100,2024-01-22 08:16:41 +0100,2.87,Awake
2024-01-23 00:41:00 +0100,2024-01-23 07:18:56 +0100,397.94,InBed
2024-01-23 00:48:40 +0100,2024-01-23 02:05:56 +0100,77.25,AsleepCore
2024-01-23 02:05:56 +0100,2024-01-23 03:01:42 +0100,55.78,AsleepDeep
2024-01-23 03:01:42 +0100,2024-01-23 03:30:33 +0100,28.84,AsleepREM
2024-01-23 03:30:33 +0100,2024-01-23 03:32:05 +0100,1.54,Awake
2024-01-23 03:32:05 +0100,2024-01-23 04:39:41 +0100,67.6,AsleepCore
2024-01-23 04:39:41 +0100,2024-01-23 05:16:53 +0100,37.19,AsleepDeep
2024-01-23 05:16:53 +0100,2024-01-23 05:55:20 +0100,38.45,AsleepREM
2024-01-23 05:55:20 +0100,2024-01-23 05:57:23 +0100,2.06,Awake
2024-01-23 05:57:23 +0100,2024-01-23 06:45:40 +0100,48.28,AsleepCore
2024-01-23 06:45:40 +0100,2024-01-23 07:14:31 +0100,28.84,AsleepREM
2024-01-23 07:14:31 +0100,2024-01-23 07:16:03 +0100,1.54,Awake
2024-01-24 00:43:00 +0100,2024-01-24 08:53:40 +0100,490.68,InBed
2024-01-24 00:51:23 +0100,2024-01-24 02:41:49 +0100,110.43,AsleepCore
2024-01-24 02:41:49 +0100,2024-01-24 03:37:33 +0100,55.73,AsleepDeep
2024-01-24 03:37:33 +0100,2024-01-24 04:04:08 +0100,26.58,AsleepREM
2024-01-24 04:04:08 +0100,2024-01-24 04:10:02 +0100,5.91,Awake
2024-01-24 04:10:02 +0100,2024-01-24 05:46:40 +0100,96.62,AsleepCore
2024-01-24 05:46:40 +0100,2024-01-24 06:23:49 +0100,37.15,AsleepDeep
2024-01-24 06:23:49 +0100,2024-01-24 06:59:16 +0100,35.45,AsleepREM
2024-01-24 06:59:16 +0100,2024-01-24 07:07:08 +0100,7.88,Awake
2024-01-24 07:07:08 +0100,2024-01-24 08:16:09 +0100,69.02,AsleepCore
2024-01-24 08:16:09 +0100,2024-01-24 08:42:44 +0100,26.58,AsleepREM
2024-01-24 08:42:44 +0100,2024-01-24 08:48:39 +0100,5.91,Awake
2024-01-24 23:08:00 +0100,2024-01-25 05:56:50 +0100,408.85,InBed
2024-01-24 23:17:21 +0100,2024-01-25 00:55:19 +0100,97.97,AsleepCore
2024-01-25 00:55:19 +0100,2024-01-25 01:41:38 +0100,46.31,AsleepDeep
2024-01-25 01:41:38 +0100,2024-01-25 02:02:42 +0100,21.06,AsleepREM
2024-01-25 02:02:42 +0100,2024-01-25 02:03:52 +0100,1.17,Awake
2024-01-25 02:03:52 +0100,2024-01-25 03:29:35 +0100,85.73,AsleepCore
2024-01-25 03:29:35 +0100,2024-01-25 04:00:28 +0100,30.87,AsleepDeep
2024-01-25 04:00:28 +0100,2024-01-25 04:28:33 +0100,28.08,AsleepREM
2024-01-25 04:28:33 +0100,2024-01-25 04:30:06 +0100,1.55,Awake
2024-01-25 04:30:06 +0100,2024-01-25 05:31:20 +0100,61.23,AsleepCore
2024-01-25 05:31:20 +0100,2024-01-25 05:52:24 +0100,21.06,AsleepREM
2024-01-25 05:52:24 +0100,2024-01-25 05:53:34 +0100,1.17,Awake
2024-01-25 23:44:00 +0100,2024-01-26 06:08:00 +0100,384.01,InBed
2024-01-25 23:52:39 +0100,2024-01-26 01:09:43 +0100,77.07,AsleepCore
2024-01-26 01:09:43 +0100,2024-01-26 01:56:56 +0100,47.21,AsleepDeep
2024-01-26 01:56:56 +0100,2024-01-26 02:22:22 +0100,25.44,AsleepREM
2024-01-26 02:22:22 +0100,2024-01-26 02:25:02 +0100,2.67,Awake
2024-01-26 02:25:02 +0100,2024-01-26 03:32:29 +0100,67.44,AsleepCore
2024-01-26 03:32:29 +0100,2024-01-26 04:03:57 +0100,31.47,AsleepDeep
2024-01-26 04:03:57 +0100,2024-01-26 04:37:52 +0100,33.92,AsleepREM
2024-01-26 04:37:52 +0100,2024-01-26 04:41:26 +0100,3.56,Awake
2024-01-26 04:41:26 +0100,2024-01-26 05:29:36 +0100,48.17,AsleepCore
2024-01-26 05:29:36 +0100,2024-01-26 05:55:03 +0100,25.44,AsleepREM
2024-01-26 05:55:03 +0100,2024-01-26 05:57:43 +0100,2.67,Awake
2024-01-27 00:05:00 +0100,2024-01-27 06:14:06 +0100,369.1,InBed
2024-01-27 00:14:20 +0100,2024-01-27 01:28:23 +0100,74.04,AsleepCore
2024-01-27 01:28:23 +0100,2024-01-27 02:07:28 +0100,39.09,AsleepDeep
2024-01-27 02:07:28 +0100,2024-01-27 02:38:23 +0100,30.91,AsleepREM
2024-01-27 02:38:23 +0100,2024-01-27 02:40:01 +0100,1.64,Awake
2024-01-27 02:40:01 +0100,2024-01-27 03:44:48 +0100,64.79,AsleepCore
2024-01-27 03:44:48 +0100,2024-01-27 04:10:52 +0100,26.06,AsleepDeep
2024-01-27 04:10:52 +0100,2024-01-27 04:52:05 +0100,41.22,AsleepREM
2024-01-27 04:52:05 +0100,2024-01-27 04:54:16 +0100,2.19,Awake
2024-01-27 04:54:16 +0100,2024-01-27 05:40:33 +0100,46.28,AsleepCore
2024-01-27 05:40:33 +0100,2024-01-27 06:11:27 +0100,30.91,AsleepREM
2024-01-27 06:11:27 +0100,2024-01-27 06:13:06 +0100,1.64,Awake
2024-01-27 23:26:00 +0100,2024-01-28 08:03:07 +0100,517.13,InBed
2024-01-27 23:30:42 +0100,2024-01-28 01:30:16 +0100,119.56,AsleepCore
2024-01-28 01:30:16 +0100,2024-01-28 02:44:29 +0100,74.23,AsleepDeep
2024-01-28 02:44:29 +0100,2024-01-28 03:00:54 +0100,16.41,AsleepREM
2024-01-28 03:00:54 +0100,2024-01-28 03:10:08 +0100,9.23,Awake
2024-01-28 03:10:08 +0100,2024-01-28 04:54:45 +0100,104.61,AsleepCore
2024-01-28 04:54:45 +0100,2024-01-28 05:44:14 +0100,49.48,AsleepDeep
2024-01-28 05:44:14 +0100,2024-01-28 06:06:07 +0100,21.88,AsleepREM
2024-01-28 06:06:07 +0100,2024-01-28 06:18:25 +0100,12.31,Awake
2024-01-28 06:18:25 +0100,2024-01-28 07:33:09 +0100,74.72,AsleepCore
2024-01-28 07:33:09 +0100,2024-01-28 07:49:34 +0100,16.41,AsleepREM
2024-01-28 07:49:34 +0100,2024-01-28 07:58:47 +0100,9.23,Awake
2024-01-28 22:31:00 +0100,2024-01-29 07:25:14 +0100,534.25,InBed
2024-01-28 22:38:59 +0100,2024-01-29 00:31:25 +0100,112.44,AsleepCore
2024-01-29 00:31:25 +0100,2024-01-29 01:29:16 +0100,57.85,AsleepDeep
2024-01-29 01:29:16 +0100,2024-01-29 02:07:28 +0100,38.21,AsleepREM
2024-01-29 02:07:28 +0100,2024-01-29 02:11:39 +0100,4.18,Awake
2024-01-29 02:11:39 +0100,2024-01-29 03:50:02 +0100,98.39,AsleepCore
2024-01-29 03:50:02 +0100,2024-01-29 04:28:36 +0100,38.56,AsleepDeep
2024-01-29 04:28:36 +0100,2024-01-29 05:19:33 +0100,50.95,AsleepREM
2024-01-29 05:19:33 +0100,2024-01-29 05:25:07 +0100,5.57,Awake
2024-01-29 05:25:07 +0100,2024-01-29 06:35:24 +0100,70.28,AsleepCore
2024-01-29 06:35:24 +0100,2024-01-29 07:13:36 +0100,38.21,AsleepREM
2024-01-29 07:13:36 +0100,2024-01-29 07:17:47 +0100,4.18,Awake
2024-01-29 22:55:00 +0100,2024-01-30 06:34:28 +0100,459.47,InBed
2024-01-29 23:02:45 +0100,2024-01-30 00:37:41 +0100,94.93,AsleepCore
2024-01-30 00:37:41 +0100,2024-01-30 01:32:49 +0100,55.14,AsleepDeep
2024-01-30 01:32:49 +0100,2024-01-30 02:01:26 +0100,28.61,AsleepREM
2024-01-30 02:01:26 +0100,2024-01-30 02:07:33 +0100,6.11,Awake
2024-01-30 02:07:33 +0100,2024-01-30 03:30:37 +0100,83.07,AsleepCore
2024-01-30 03:30:37 +0100,2024-01-30 04:07:22 +0100,36.76,AsleepDeep
2024-01-30 04:07:22 +0100,2024-01-30 04:45:31 +0100,38.15,AsleepREM
2024-01-30 04:45:31 +0100,2024-01-30 04:53:40 +0100,8.14,Awake
2024-01-30 04:53:40 +0100,2024-01-30 05:53:00 +0100,59.33,AsleepCore
2024-01-30 05:53:00 +0100,2024-01-30 06:21:37 +0100,28.61,AsleepREM
2024-01-30 06:21:37 +0100,2024-01-30 06:27:43 +0100,6.11,Awake
2024-01-30 23:25:00 +0100,2024-01-31 07:59:53 +0100,514.9,InBed
2024-01-30 23:31:45 +0100,2024-01-31 01:22:26 +0100,110.69,AsleepCore
2024-01-31 01:22:26 +0100,2024-01-31 02:02:19 +0100,39.88,AsleepDeep
2024-01-31 02:02:19 +0100,2024-01-31 02:40:47 +0100,38.47,AsleepREM
2024-01-31 02:40:47 +0100,2024-01-31 02:49:28 +0100,8.69,Awake
2024-01-31 02:49:28 +0100,2024-01-31 04:26:20 +0100,96.86,AsleepCore
2024-01-31 04:26:20 +0100,2024-01-31 04:52:55 +0100,26.59,AsleepDeep
2024-01-31 04:52:55 +0100,2024-01-31 05:44:12 +0100,51.29,AsleepREM
2024-01-31 05:44:12 +0100,2024-01-31 05:55:48 +0100,11.59,Awake
2024-01-31 05:55:48 +0100,2024-01-31 07:04:59 +0100,69.18,AsleepCore
2024-01-31 07:04:59 +0100,2024-01-31 07:43:27 +0100,38.47,AsleepREM
2024-01-31 07:43:27 +0100,2024-01-31 07:52:08 +0100,8.69,Awake
2024-01-31 22:32:00 +0100,2024-02-01 06:02:46 +0100,450.77,InBed
2024-01-31 22:38:35 +0100,2024-01-31 23:57:18 +0100,78.72,AsleepCore
2024-01-31 23:57:18 +0100,2024-02-01 00:56:11 +0100,58.88,AsleepDeep
2024-02-01 00:56:11 +0100,2024-02-01 01:34:05 +0100,37.9,AsleepREM
2024-02-01 01:34:05 +0100,2024-02-01 01:41:21 +0100,7.28,Awake
2024-02-01 01:41:21 +0100,2024-02-01 02:50:14 +0100,68.88,AsleepCore
2024-02-01 02:50:14 +0100,2024-02-01 03:29:29 +0100,39.25,AsleepDeep
2024-02-01 03:29:29 +0100,2024-02-01 04:20:01 +0100,50.53,AsleepREM
2024-02-01 04:20:01 +0100,2024-02-01 04:29:44 +0100,9.7,Awake
2024-02-01 04:29:44 +0100,2024-02-01 05:18:56 +0100,49.2,AsleepCore
2024-02-01 05:18:56 +0100,2024-02-01 05:56:49 +0100,37.9,AsleepREM
2024-02-01 05:56:49 +0100,2024-02-01 06:04:06 +0100,7.28,Awake
2024-02-01 23:31:00 +0100,2024-02-02 07:11:48 +0100,460.81,InBed
2024-02-01 23:40:08 +0100,2024-02-02 00:48:53 +0100,68.76,AsleepCore
2024-02-02 00:48:53 +0100,2024-02-02 02:06:04 +0100,77.18,AsleepDeep
2024-02-02 02:06:04 +0100,2024-02-02 02:47:41 +0100,41.62,AsleepREM
2024-02-02 02:47:41 +0100,2024-02-02 02:48:30 +0100,0.8,Awake
2024-02-02 02:48:30 +0100,2024-02-02 03:48:39 +0100,60.16,AsleepCore
2024-02-02 03:48:39 +0100,2024-02-02 04:40:07 +0100,51.45,AsleepDeep
2024-02-02 04:40:07 +0100,2024-02-02 05:35:36 +0100,55.5,AsleepREM
2024-02-02 05:35:36 +0100,2024-02-02 05:36:41 +0100,1.07,Awake
2024-02-02 05:36:41 +0100,2024-02-02 06:19:39 +0100,42.97,AsleepCore
2024-02-02 06:19:39 +0100,2024-02-02 07:01:16 +0100,41.62,AsleepREM
2024-02-02 07:01:16 +0100,2024-02-02 07:02:04 +0100,0.8,Awake
2024-02-02 23:59:00 +0100,2024-02-03 06:01:12 +0100,362.2,InBed
2024-02-03 00:07:55 +0100,2024-02-03 01:20:12 +0100,72.28,AsleepCore
2024-02-03 01:20:12 +0100,2024-02-03 02:00:08 +0100,39.93,AsleepDeep
2024-02-03 02:00:08 +0100,2024-02-03 02:28:52 +0100,28.73,AsleepREM
2024-02-03 02:28:52 +0100,2024-02-03 02:29:58 +0100,1.1,Awake
2024-02-03 02:29:58 +0100,2024-02-03 03:33:13 +0100,63.25,AsleepCore
2024-02-03 03:33:13 +0100,2024-02-03 03:59:50 +0100,26.62,AsleepDeep
2024-02-03 03:59:50 +0100,2024-02-03 04:38:08 +0100,38.31,AsleepREM
2024-02-03 04:38:08 +0100,2024-02-03 04:39:36 +0100,1.47,Awake
2024-02-03 04:39:36 +0100,2024-02-03 05:24:47 +0100,45.18,AsleepCore
2024-02-03 05:24:47 +0100,2024-02-03 05:53:31 +0100,28.73,AsleepREM
2024-02-03 05:53:31 +0100,2024-02-03 05:54:37 +0100,1.1,Awake
2024-02-04 00:53:00 +0100,2024-02-04 08:52:35 +0100,479.6,InBed
2024-02-04 01:02:48 +0100,2024-02-04 02:44:37 +0100,101.8,AsleepCore
2024-02-04 02:44:37 +0100,2024-02-04 03:41:27 +0100,56.84,AsleepDeep
2024-02-04 03:41:27 +0100,2024-02-04 04:11:01 +0100,29.57,AsleepREM
2024-02-04 04:11:01 +0100,2024-02-04 04:14:50 +0100,3.81,Awake
2024-02-04 04:14:50 +0100,2024-02-04 05:43:54 +0100,89.08,AsleepCore
2024-02-04 05:43:54 +0100,2024-02-04 06:21:48 +0100,37.9,AsleepDeep
2024-02-04 06:21:48 +0100,2024-02-04 07:01:13 +0100,39.42,AsleepREM
2024-02-04 07:01:13 +0100,2024-02-04 07:06:18 +0100,5.08,Awake
2024-02-04 07:06:18 +0100,2024-02-04 08:09:56 +0100,63.63,AsleepCore
2024-02-04 08:09:56 +0100,2024-02-04 08:39:30 +0100,29.57,AsleepREM
2024-02-04 08:39:30 +0100,2024-02-04 08:43:18 +0100,3.81,Awake
2024-02-04 23:45:00 +0100,2024-02-05 08:23:28 +0100,518.48,InBed
2024-02-04 23:49:15 +0100,2024-02-05 01:48:15 +0100,119.0,AsleepCore
2024-02-05 01:48:15 +0100,2024-02-05 02:58:53 +0100,70.63,AsleepDeep
2024-02-05 02:58:53 +0100,2024-02-05 03:25:30 +0100,26.62,AsleepREM
2024-02-05 03:25:30 +0100,2024-02-05 03:26:08 +0100,0.63,Awake
2024-02-05 03:26:08 +0100,2024-02-05 05:10:15 +0100,104.13,AsleepCore
2024-02-05 05:10:15 +0100,2024-02-05 05:57:21 +0100,47.09,AsleepDeep
2024-02-05 05:57:21 +0100,2024-02-05 06:32:50 +0100,35.49,AsleepREM
2024-02-05 06:32:50 +0100,2024-02-05 06:33:41 +0100,0.84,Awake
2024-02-05 06:33:41 +0100,2024-02-05 07:48:04 +0100,74.38,AsleepCore
2024-02-05 07:48:04 +0100,2024-02-05 08:14:41 +0100,26.62,AsleepREM
2024-02-05 08:14:41 +0100,2024-02-05 08:15:19 +0100,0.63,Awake
2024-02-05 23:07:00 +0100,2024-02-06 06:52:18 +0100,465.31,InBed
2024-02-05 23:14:07 +0100,2024-02-06 01:01:42 +0100,107.58,AsleepCore
2024-02-06 01:01:42 +0100,2024-02-06 01:54:15 +0100,52.54,AsleepDeep
2024-02-06 01:54:15 +0100,2024-02-06 02:19:01 +0100,24.77,AsleepREM
2024-02-06 02:19:01 +0100,2024-02-06 02:24:15 +0100,5.24,Awake
2024-02-06 02:24:15 +0100,2024-02-06 03:58:23 +0100,94.13,AsleepCore
2024-02-06 03:58:23 +0100,2024-02-06 04:33:25 +0100,35.03,AsleepDeep
2024-02-06 04:33:25 +0100,2024-02-06 05:06:27 +0100,33.03,AsleepREM
2024-02-06 05:06:27 +0100,2024-02-06 05:13:26 +0100,6.98,Awake
2024-02-06 05:13:26 +0100,2024-02-06 06:20:40 +0100,67.24,AsleepCore
2024-02-06 06:20:40 +0100,2024-02-06 06:45:26 +0100,24.77,AsleepREM
2024-02-06 06:45:26 +0100,2024-02-06 06:50:41 +0100,5.24,Awake
2024-02-07 01:50:00 +0100,2024-02-07 09:44:28 +0100,474.47,InBed
2024-02-07 01:54:36 +0100,2024-02-07 03:28:49 +0100,94.22,AsleepCore
2024-02-07 03:28:49 +0100,2024-02-07 04:31:53 +0100,63.07,AsleepDeep
2024-02-07 04:31:53 +0100,2024-02-07 04:59:26 +0100,27.54,AsleepREM
2024-02-07 04:59:26 +0100,2024-02-07 05:06:39 +0100,7.22,Awake
2024-02-07 05:06:39 +0100,2024-02-07 06:29:05 +0100,82.44,AsleepCore
2024-02-07 06:29:05 +0100,2024-02-07 07:11:08 +0100,42.05,AsleepDeep
2024-02-07 07:11:08 +0100,2024-02-07 07:47:51 +0100,36.72,AsleepREM
2024-02-07 07:47:51 +0100,2024-02-07 07:57:28 +0100,9.62,Awake
2024-02-07 07:57:28 +0100,2024-02-07 08:56:21 +0100,58.88,AsleepCore
2024-02-07 08:56:21 +0100,2024-02-07 09:23:54 +0100,27.54,AsleepREM
2024-02-07 09:23:54 +0100,2024-02-07 09:31:06 +0100,7.22,Awake
2024-02-07 23:03:00 +0100,2024-02-08 06:51:45 +0100,468.76,InBed
2024-02-07 23:06:31 +0100,2024-02-08 00:36:14 +0100,89.72,AsleepCore
2024-02-08 00:36:14 +0100,2024-02-08 01:35:58 +0100,59.72,AsleepDeep
2024-02-08 01:35:58 +0100,2024-02-08 02:05:23 +0100,29.42,AsleepREM
2024-02-08 02:05:23 +0100,2024-02-08 02:13:32 +0100,8.15,Awake
2024-02-08 02:13:32 +0100,2024-02-08 03:32:02 +0100,78.5,AsleepCore
2024-02-08 03:32:02 +0100,2024-02-08 04:11:51 +0100,39.81,AsleepDeep
2024-02-08 04:11:51 +0100,2024-02-08 04:51:04 +0100,39.22,AsleepREM
2024-02-08 04:51:04 +0100,2024-02-08 05:01:56 +0100,10.87,Awake
2024-02-08 05:01:56 +0100,2024-02-08 05:58:01 +0100,56.07,AsleepCore
2024-02-08 05:58:01 +0100,2024-02-08 06:27:26 +0100,29.42,AsleepREM
2024-02-08 06:27:26 +0100,2024-02-08 06:35:35 +0100,8.15,Awake
2024-02-08 23:31:00 +0100,2024-02-09 06:32:07 +0100,421.12,InBed
2024-02-08 23:35:27 +0100,2024-02-09 01:14:38 +0100,99.18,AsleepCore
2024-02-09 01:14:38 +0100,2024-02-09 01:45:26 +0100,30.8,AsleepDeep
2024-02-09 01:45:26 +0100,2024-02-09 02:15:37 +0100,30.19,AsleepREM
2024-02-09 02:15:37 +0100,2024-02-09 02:20:10 +0100,4.55,Awake
2024-02-09 02:20:10 +0100,2024-02-09 03:46:57 +0100,86.78,AsleepCore
2024-02-09 03:46:57 +0100,2024-02-09 04:07:29 +0100,20.54,AsleepDeep
2024-02-09 04:07:29 +0100,2024-02-09 04:47:44 +0100,40.25,AsleepREM
2024-02-09 04:47:44 +0100,2024-02-09 04:53:48 +0100,6.06,Awake
2024-02-09 04:53:48 +0100,2024-02-09 05:55:47 +0100,61.99,AsleepCore
2024-02-09 05:55:47 +0100,2024-02-09 06:25:58 +0100,30.19,AsleepREM
2024-02-09 06:25:58 +0100,2024-02-09 06:30:31 +0100,4.55,Awake
2024-02-10 00:22:00 +0100,2024-02-10 07:43:04 +0100,441.07,InBed
2024-02-10 00:28:52 +0100,2024-02-10 01:49:41 +0100,80.83,AsleepCore
2024-02-10 01:49:41 +0100,2024-02-10 02:51:26 +0100,61.74,AsleepDeep
2024-02-10 02:51:26 +0100,2024-02-10 03:26:43 +0100,35.3,AsleepREM
2024-02-10 03:26:43 +0100,2024-02-10 03:27:34 +0100,0.85,Awake
2024-02-10 03:27:34 +0100,2024-02-10 04:38:18 +0100,70.72,AsleepCore
2024-02-10 04:38:18 +0100,2024-02-10 05:19:27 +0100,41.16,AsleepDeep
2024-02-10 05:19:27 +0100,2024-02-10 06:06:31 +0100,47.06,AsleepREM
2024-02-10 06:06:31 +0100,2024-02-10 06:07:38 +0100,1.13,Awake
2024-02-10 06:07:38 +0100,2024-02-10 06:58:09 +0100,50.52,AsleepCore
2024-02-10 06:58:09 +0100,2024-02-10 07:33:27 +0100,35.3,AsleepREM
2024-02-10 07:33:27 +0100,2024-02-10 07:34:18 +0100,0.85,Awake
2024-02-10 23:25:00 +0100,2024-02-11 06:52:22 +0100,447.38,InBed
2024-02-10 23:28:29 +0100,2024-02-11 01:02:02 +0100,93.55,AsleepCore
2024-02-11 01:02:02 +0100,2024-02-11 02:02:19 +0100,60.27,AsleepDeep
2024-02-11 02:02:19 +0100,2024-02-11 02:32:07 +0100,29.81,AsleepREM
2024-02-11 02:32:07 +0100,2024-02-11 02:33:51 +0100,1.73,Awake
2024-02-11 02:33:51 +0100,2024-02-11 03:55:42 +0100,81.86,AsleepCore
2024-02-11 03:55:42 +0100,2024-02-11 04:35:53 +0100,40.18,AsleepDeep
2024-02-11 04:35:53 +0100,2024-02-11 05:15:38 +0100,39.75,AsleepREM
2024-02-11 05:15:38 +0100,2024-02-11 05:17:57 +0100,2.31,Awake
2024-02-11 05:17:57 +0100,2024-02-11 06:16:25 +0100,58.47,AsleepCore
2024-02-11 06:16:25 +0100,2024-02-11 06:46:14 +0100,29.81,AsleepREM
2024-02-11 06:46:14 +0100,2024-02-11 06:47:57 +0100,1.73,Awake
2024-02-11 23:13:00 +0100,2024-02-12 06:26:19 +0100,433.33,InBed
2024-02-11 23:18:00 +0100,2024-02-12 00:58:00 +0100,99.99,AsleepCore
2024-02-12 00:58:00 +0100,2024-02-12 01:42:58 +0100,44.98,AsleepDeep
2024-02-12 01:42:58 +0100,2024-02-12 02:07:14 +0100,24.26,AsleepREM
2024-02-12 02:07:14 +0100,2024-02-12 02:11:33 +0100,4.31,Awake
2024-02-12 02:11:33 +0100,2024-02-12 03:39:02 +0100,87.5,AsleepCore
2024-02-12 03:39:02 +0100,2024-02-12 04:09:02 +0100,29.99,AsleepDeep
2024-02-12 04:09:02 +0100,2024-02-12 04:41:22 +0100,32.34,AsleepREM
2024-02-12 04:41:22 +0100,2024-02-12 04:47:07 +0100,5.75,Awake
2024-02-12 04:47:07 +0100,2024-02-12 05:49:37 +0100,62.5,AsleepCore
2024-02-12 05:49:37 +0100,2024-02-12 06:13:53 +0100,24.26,AsleepREM
2024-02-12 06:13:53 +0100,2024-02-12 06:18:11 +0100,4.31,Awake
2024-02-12 23:21:00 +0100,2024-02-13 07:04:28 +0100,463.47,InBed
2024-02-12 23:24:35 +0100,2024-02-13 00:43:31 +0100,78.93,AsleepCore
2024-02-13 00:43:31 +0100,2024-02-13 01:35:49 +0100,52.31,AsleepDeep
2024-02-13 01:35:49 +0100,2024-02-13 02:21:16 +0100,45.44,AsleepREM
2024-02-13 02:21:16 +0100,2024-02-13 02:25:13 +0100,3.95,Awake
2024-02-13 02:25:13 +0100,2024-02-13 03:34:16 +0100,69.06,AsleepCore
2024-02-13 03:34:16 +0100,2024-02-13 04:09:09 +0100,34.87,AsleepDeep
2024-02-13 04:09:09 +0100,2024-02-13 05:09:44 +0100,60.58,AsleepREM
2024-02-13 05:09:44 +0100,2024-02-13 05:15:00 +0100,5.27,Awake
2024-02-13 05:15:00 +0100,2024-02-13 06:04:20 +0100,49.33,AsleepCore
2024-02-13 06:04:20 +0100,2024-02-13 06:49:46 +0100,45.44,AsleepREM
2024-02-13 06:49:46 +0100,2024-02-13 06:53:43 +0100,3.95,Awake
2024-02-13 22:51:00 +0100,2024-02-14 07:25:56 +0100,514.95,InBed
2024-02-13 22:54:10 +0100,2024-02-14 00:41:45 +0100,107.58,AsleepCore
2024-02-14 00:41:45 +0100,2024-02-14 01:38:44 +0100,56.99,AsleepDeep
2024-02-14 01:38:44 +0100,2024-02-14 02:18:01 +0100,39.28,AsleepREM
2024-02-14 02:18:01 +0100,2024-02-14 02:22:11 +0100,4.17,Awake
2024-02-14 02:22:11 +0100,2024-02-14 03:56:19 +0100,94.13,AsleepCore
2024-02-14 03:56:19 +0100,2024-02-14 04:34:19 +0100,37.99,AsleepDeep
2024-02-14 04:34:19 +0100,2024-02-14 05:26:41 +0100,52.38,AsleepREM
2024-02-14 05:26:41 +0100,2024-02-14 05:32:15 +0100,5.56,Awake
2024-02-14 05:32:15 +0100,2024-02-14 06:39:29 +0100,67.24,AsleepCore
2024-02-14 06:39:29 +0100,2024-02-14 07:18:46 +0100,39.28,AsleepREM
2024-02-14 07:18:46 +0100,2024-02-14 07:22:56 +0100,4.17,Awake
2024-02-15 01:22:00 +0100,2024-02-15 09:57:19 +0100,515.32,InBed
2024-02-15 01:31:41 +0100,2024-02-15 03:30:24 +0100,118.73,AsleepCore
2024-02-15 03:30:24 +0100,2024-02-15 04:35:27 +0100,65.05,AsleepDeep
2024-02-15 04:35:27 +0100,2024-02-15 05:03:56 +0100,28.47,AsleepREM
2024-02-15 05:03:56 +0100,2024-02-15 05:05:43 +0100,1.79,Awake
2024-02-15 05:05:43 +0100,2024-02-15 06:49:36 +0100,103.89,AsleepCore
2024-02-15 06:49:36 +0100,2024-02-15 07:32:59 +0100,43.37,AsleepDeep
2024-02-15 07:32:59 +0100,2024-02-15 08:10:57 +0100,37.97,AsleepREM
2024-02-15 08:10:57 +0100,2024-02-15 08:13:20 +0100,2.38,Awake
2024-02-15 08:13:20 +0100,2024-02-15 09:27:32 +0100,74.21,AsleepCore
2024-02-15 09:27:32 +0100,2024-02-15 09:56:00 +0100,28.47,AsleepREM
2024-02-15 09:56:00 +0100,2024-02-15 09:57:48 +0100,1.79,Awake
2024-02-16 00:04:00 +0100,2024-02-16 06:28:01 +0100,384.03,InBed
2024-02-16 00:07:38 +0100,2024-02-16 01:46:11 +0100,98.54,AsleepCore
2024-02-16 01:46:11 +0100,2024-02-16 02:12:39 +0100,26.48,AsleepDeep
2024-02-16 02:12:39 +0100,2024-02-16 02:33:36 +0100,20.94,AsleepREM
2024-02-16 02:33:36 +0100,2024-02-16 02:37:41 +0100,4.08,Awake
2024-02-16 02:37:41 +0100,2024-02-16 04:03:54 +0100,86.22,AsleepCore
2024-02-16 04:03:54 +0100,2024-02-16 04:21:33 +0100,17.65,AsleepDeep
2024-02-16 04:21:33 +0100,2024-02-16 04:49:29 +0100,27.92,AsleepREM
2024-02-16 04:49:29 +0100,2024-02-16 04:54:55 +0100,5.44,Awake
2024-02-16 04:54:55 +0100,2024-02-16 05:56:31 +0100,61.59,AsleepCore
2024-02-16 05:56:31 +0100,2024-02-16 06:17:27 +0100,20.94,AsleepREM
2024-02-16 06:17:27 +0100,2024-02-16 06:21:32 +0100,4.08,Awake
2024-02-16 22:29:00 +0100,2024-02-17 06:20:46 +0100,471.77,InBed
2024-02-16 22:35:02 +0100,2024-02-17 00:23:24 +0100,108.37,AsleepCore
2024-02-17 00:23:24 +0100,2024-02-17 01:14:36 +0100,51.2,AsleepDeep
2024-02-17 01:14:36 +0100,2024-02-17 01:39:43 +0100,25.11,AsleepREM
2024-02-17 01:39:43 +0100,2024-02-17 01:46:59 +0100,7.26,Awake
2024-02-17 01:46:59 +0100,2024-02-17 03:21:48 +0100,94.82,AsleepCore
2024-02-17 03:21:48 +0100,2024-02-17 03:55:56 +0100,34.14,AsleepDeep
2024-02-17 03:55:56 +0100,2024-02-17 04:29:25 +0100,33.49,AsleepREM
2024-02-17 04:29:25 +0100,2024-02-17 04:39:06 +0100,9.68,Awake
2024-02-17 04:39:06 +0100,2024-02-17 05:46:50 +0100,67.73,AsleepCore
2024-02-17 05:46:50 +0100,2024-02-17 06:11:57 +0100,25.11,AsleepREM
2024-02-17 06:11:57 +0100,2024-02-17 06:19:12 +0100,7.26,Awake
2024-02-17 23:09:00 +0100,2024-02-18 06:27:11 +0100,438.19,InBed
2024-02-17 23:18:34 +0100,2024-02-18 00:45:57 +0100,87.38,AsleepCore
2024-02-18 00:45:57 +0100,2024-02-18 01:32:53 +0100,46.93,AsleepDeep
2024-02-18 01:32:53 +0100,2024-02-18 02:09:54 +0100,37.03,AsleepREM
2024-02-18 02:09:54 +0100,2024-02-18 02:11:12 +0100,1.3,Awake
2024-02-18 02:11:12 +0100,2024-02-18 03:27:39 +0100,76.45,AsleepCore
2024-02-18 03:27:39 +0100,2024-02-18 03:58:57 +0100,31.29,AsleepDeep
2024-02-18 03:58:57 +0100,2024-02-18 04:48:19 +0100,49.37,AsleepREM
2024-02-18 04:48:19 +0100,2024-02-18 04:50:02 +0100,1.73,Awake
2024-02-18 04:50:02 +0100,2024-02-18 05:44:39 +0100,54.61,AsleepCore
2024-02-18 05:44:39 +0100,2024-02-18 06:21:41 +0100,37.03,AsleepREM
2024-02-18 06:21:41 +0100,2024-02-18 06:22:58 +0100,1.3,Awake
2024-02-18 23:49:00 +0100,2024-02-19 06:39:08 +0100,410.14,InBed
2024-02-18 23:58:20 +0100,2024-02-19 01:18:22 +0100,80.03,AsleepCore
2024-02-19 01:18:22 +0100,2024-02-19 02:05:38 +0100,47.28,AsleepDeep
2024-02-19 02:05:38 +0100,2024-02-19 02:34:01 +0100,28.37,AsleepREM
2024-02-19 02:34:01 +0100,2024-02-19 02:39:12 +0100,5.18,Awake
2024-02-19 02:39:12 +0100,2024-02-19 03:49:13 +0100,70.03,AsleepCore
2024-02-19 03:49:13 +0100,2024-02-19 04:20:44 +0100,31.52,AsleepDeep
2024-02-19 04:20:44 +0100,2024-02-19 04:58:34 +0100,37.83,AsleepREM
2024-02-19 04:58:34 +0100,2024-02-19 05:05:29 +0100,6.91,Awake
2024-02-19 05:05:29 +0100,2024-02-19 05:55:30 +0100,50.02,AsleepCore
2024-02-19 05:55:30 +0100,2024-02-19 06:23:52 +0100,28.37,AsleepREM
2024-02-19 06:23:52 +0100,2024-02-19 06:29:03 +0100,5.18,Awake
2024-02-19 22:12:00 +0100,2024-02-20 05:04:11 +0100,412.19,InBed
2024-02-19 22:19:46 +0100,2024-02-19 23:40:20 +0100,80.57,AsleepCore
2024-02-19 23:40:20 +0100,2024-02-20 00:28:23 +0100,48.06,AsleepDeep
2024-02-20 00:28:23 +0100,2024-02-20 01:02:35 +0100,34.19,AsleepREM
2024-02-20 01:02:35 +0100,2024-02-20 01:04:21 +0100,1.78,Awake
2024-02-20 01:04:21 +0100,2024-02-20 02:14:51 +0100,70.5,AsleepCore
2024-02-20 02:14:51 +0100,2024-02-20 02:46:53 +0100,32.04,AsleepDeep
2024-02-20 02:46:53 +0100,2024-02-20 03:32:28 +0100,45.58,AsleepREM
2024-02-20 03:32:28 +0100,2024-02-20 03:34:51 +0100,2.37,Awake
2024-02-20 03:34:51 +0100,2024-02-20 04:25:12 +0100,50.36,AsleepCore
2024-02-20 04:25:12 +0100,2024-02-20 04:59:23 +0100,34.19,AsleepREM
2024-02-20 04:59:23 +0100,2024-02-20 05:01:10 +0100,1.78,Awake
2024-02-20 23:50:00 +0100,2024-02-21 06:44:26 +0100,414.44,InBed
2024-02-20 23:59:46 +0100,2024-02-21 01:14:19 +0100,74.55,AsleepCore
2024-02-21 01:14:19 +0100,2024-02-21 02:14:14 +0100,59.91,AsleepDeep
2024-02-21 02:14:14 +0100,2024-02-21 02:45:57 +0100,31.73,AsleepREM
2024-02-21 02:45:57 +0100,2024-02-21 02:49:19 +0100,3.35,Awake
2024-02-21 02:49:19 +0100,2024-02-21 03:54:33 +0100,65.23,AsleepCore
2024-02-21 03:54:33 +0100,2024-02-21 04:34:29 +0100,39.94,AsleepDeep
2024-02-21 04:34:29 +0100,2024-02-21 05:16:47 +0100,42.31,AsleepREM
2024-02-21 05:16:47 +0100,2024-02-21 05:21:16 +0100,4.47,Awake
2024-02-21 05:21:16 +0100,2024-02-21 06:07:51 +0100,46.6,AsleepCore
2024-02-21 06:07:51 +0100,2024-02-21 06:39:35 +0100,31.73,AsleepREM
2024-02-21 06:39:35 +0100,2024-02-21 06:42:56 +0100,3.35,Awake
2024-02-21 23:36:00 +0100,2024-02-22 07:30:20 +0100,474.34,InBed
2024-02-21 23:45:04 +0100,2024-02-22 01:29:29 +0100,104.43,AsleepCore
2024-02-22 01:29:29 +0100,2024-02-22 02:22:32 +0100,53.05,AsleepDeep
2024-02-22 02:22:32 +0100,2024-02-22 02:53:47 +0100,31.25,AsleepREM
2024-02-22 02:53:47 +0100,2024-02-22 02:55:53 +0100,2.1,Awake
2024-02-22 02:55:53 +0100,2024-02-22 04:27:15 +0100,91.37,AsleepCore
2024-02-22 04:27:15 +0100,2024-02-22 05:02:37 +0100,35.36,AsleepDeep
2024-02-22 05:02:37 +0100,2024-02-22 05:44:17 +0100,41.66,AsleepREM
2024-02-22 05:44:17 +0100,2024-02-22 05:47:05 +0100,2.8,Awake
2024-02-22 05:47:05 +0100,2024-02-22 06:52:21 +0100,65.27,AsleepCore
2024-02-22 06:52:21 +0100,2024-02-22 07:23:35 +0100,31.25,AsleepREM
2024-02-22 07:23:35 +0100,2024-02-22 07:25:41 +0100,2.1,Awake
2024-02-22 23:11:00 +0100,2024-02-23 07:38:31 +0100,507.53,InBed
2024-02-22 23:16:43 +0100,2024-02-23 01:02:56 +0100,106.22,AsleepCore
2024-02-23 01:02:56 +0100,2024-02-23 02:09:07 +0100,66.18,AsleepDeep
2024-02-23 02:09:07 +0100,2024-02-23 02:43:20 +0100,34.21,AsleepREM
2024-02-23 02:43:20 +0100,2024-02-23 02:44:53 +0100,1.56,Awake
2024-02-23 02:44:53 +0100,2024-02-23 04:17:50 +0100,92.94,AsleepCore
2024-02-23 04:17:50 +0100,2024-02-23 05:01:57 +0100,44.12,AsleepDeep
2024-02-23 05:01:57 +0100,2024-02-23 05:47:34 +0100,45.61,AsleepREM
2024-02-23 05:47:34 +0100,2024-02-23 05:49:39 +0100,2.08,Awake
2024-02-23 05:49:39 +0100,2024-02-23 06:56:02 +0100,66.39,AsleepCore
2024-02-23 06:56:02 +0100,2024-02-23 07:30:15 +0100,34.21,AsleepREM
2024-02-23 07:30:15 +0100,2024-02-23 07:31:48 +0100,1.56,Awake
2024-02-23 23:18:00 +0100,2024-02-24 06:59:22 +0100,461.38,InBed
2024-02-23 23:24:52 +0100,2024-02-24 00:56:57 +0100,92.09,AsleepCore
2024-02-24 00:56:57 +0100,2024-02-24 01:56:08 +0100,59.18,AsleepDeep
2024-02-24 01:56:08 +0100,2024-02-24 02:27:51 +0100,31.72,AsleepREM
2024-02-24 02:27:51 +0100,2024-02-24 02:31:41 +0100,3.83,Awake
2024-02-24 02:31:41 +0100,2024-02-24 03:52:16 +0100,80.58,AsleepCore
2024-02-24 03:52:16 +0100,2024-02-24 04:31:43 +0100,39.45,AsleepDeep
2024-02-24 04:31:43 +0100,2024-02-24 05:14:00 +0100,42.29,AsleepREM
2024-02-24 05:14:00 +0100,2024-02-24 05:19:06 +0100,5.1,Awake
2024-02-24 05:19:06 +0100,2024-02-24 06:16:40 +0100,57.56,AsleepCore
2024-02-24 06:16:40 +0100,2024-02-24 06:48:23 +0100,31.72,AsleepREM
2024-02-24 06:48:23 +0100,2024-02-24 06:52:12 +0100,3.83,Awake
2024-02-24 23:52:00 +0100,2024-02-25 07:47:41 +0100,475.7,InBed
2024-02-24 23:57:27 +0100,2024-02-25 01:46:27 +0100,109.0,AsleepCore
2024-02-25 01:46:27 +0100,2024-02-25 02:26:36 +0100,40.15,AsleepDeep
2024-02-25 02:26:36 +0100,2024-02-25 02:59:12 +0100,32.59,AsleepREM
2024-02-25 02:59:12 +0100,2024-02-25 03:02:00 +0100,2.79,Awake
2024-02-25 03:02:00 +0100,2024-02-25 04:37:22 +0100,95.38,AsleepCore
2024-02-25 04:37:22 +0100,2024-02-25 05:04:08 +0100,26.77,AsleepDeep
2024-02-25 05:04:08 +0100,2024-02-25 05:47:36 +0100,43.46,AsleepREM
2024-02-25 05:47:36 +0100,2024-02-25 05:51:19 +0100,3.72,Awake
2024-02-25 05:51:19 +0100,2024-02-25 06:59:27 +0100,68.13,AsleepCore
2024-02-25 06:59:27 +0100,2024-02-25 07:32:03 +0100,32.59,AsleepREM
2024-02-25 07:32:03 +0100,2024-02-25 07:34:50 +0100,2.79,Awake
2024-02-25 22:11:00 +0100,2024-02-26 06:18:37 +0100,487.63,InBed
2024-02-25 22:20:14 +0100,2024-02-26 00:05:16 +0100,105.03,AsleepCore
2024-02-26 00:05:16 +0100,2024-02-26 00:58:41 +0100,53.42,AsleepDeep
2024-02-26 00:58:41 +0100,2024-02-26 01:31:12 +0100,32.52,AsleepREM
2024-02-26 01:31:12 +0100,2024-02-26 01:36:13 +0100,5.0,Awake
2024-02-26 01:36:13 +0100,2024-02-26 03:08:07 +0100,91.9,AsleepCore
2024-02-26 03:08:07 +0100,2024-02-26 03:43:44 +0100,35.62,AsleepDeep
2024-02-26 03:43:44 +0100,2024-02-26 04:27:05 +0100,43.36,AsleepREM
2024-02-26 04:27:05 +0100,2024-02-26 04:33:45 +0100,6.67,Awake
2024-02-26 04:33:45 +0100,2024-02-26 05:39:24 +0100,65.64,AsleepCore
2024-02-26 05:39:24 +0100,2024-02-26 06:11:55 +0100,32.52,AsleepREM
2024-02-26 06:11:55 +0100,2024-02-26 06:16:55 +0100,5.0,Awake
2024-02-26 22:28:00 +0100,2024-02-27 04:59:45 +0100,391.75,InBed
2024-02-26 22:32:44 +0100,2024-02-26 23:46:57 +0100,74.22,AsleepCore
2024-02-26 23:46:57 +0100,2024-02-27 00:35:37 +0100,48.66,AsleepDeep
2024-02-27 00:35:37 +0100,2024-02-27 01:02:04 +0100,26.45,AsleepREM
2024-02-27 01:02:04 +0100,2024-02-27 01:08:28 +0100,6.4,Awake
2024-02-27 01:08:28 +0100,2024-02-27 02:13:25 +0100,64.95,AsleepCore
2024-02-27 02:13:25 +0100,2024-02-27 02:45:52 +0100,32.44,AsleepDeep
2024-02-27 02:45:52 +0100,2024-02-27 03:21:08 +0100,35.27,AsleepREM
2024-02-27 03:21:08 +0100,2024-02-27 03:29:40 +0100,8.54,Awake
2024-02-27 03:29:40 +0100,2024-02-27 04:16:03 +0100,46.39,AsleepCore
2024-02-27 04:16:03 +0100,2024-02-27 04:42:30 +0100,26.45,AsleepREM
2024-02-27 04:42:30 +0100,2024-02-27 04:48:55 +0100,6.4,Awake
2024-02-27 23:02:00 +0100,2024-02-28 06:27:00 +0100,445.01,InBed
2024-02-27 23:09:46 +0100,2024-02-28 00:17:40 +0100,67.91,AsleepCore
2024-02-28 00:17:40 +0100,2024-02-28 01:12:09 +0100,54.48,AsleepDeep
2024-02-28 01:12:09 +0100,2024-02-28 01:52:13 +0100,40.08,AsleepREM
2024-02-28 01:52:13 +0100,2024-02-28 02:02:38 +0100,10.41,Awake
2024-02-28 02:02:38 +0100,2024-02-28 03:02:03 +0100,59.42,AsleepCore
2024-02-28 03:02:03 +0100,2024-02-28 03:38:22 +0100,36.32,AsleepDeep
2024-02-28 03:38:22 +0100,2024-02-28 04:31:48 +0100,53.43,AsleepREM
2024-02-28 04:31:48 +0100,2024-02-28 04:45:41 +0100,13.87,Awake
2024-02-28 04:45:41 +0100,2024-02-28 05:28:07 +0100,42.44,AsleepCore
2024-02-28 05:28:07 +0100,2024-02-28 06:08:12 +0100,40.08,AsleepREM
2024-02-28 06:08:12 +0100,2024-02-28 06:18:36 +0100,10.41,Awake
2024-02-28 23:56:00 +0100,2024-02-29 06:14:38 +0100,378.64,InBed
2024-02-28 23:59:18 +0100,2024-02-29 01:12:33 +0100,73.25,AsleepCore
2024-02-29 01:12:33 +0100,2024-02-29 02:04:06 +0100,51.55,AsleepDeep
2024-02-29 02:04:06 +0100,2024-02-29 02:29:52 +0100,25.77,AsleepREM
2024-02-29 02:29:52 +0100,2024-02-29 02:31:07 +0100,1.24,Awake
2024-02-29 02:31:07 +0100,2024-02-29 03:35:12 +0100,64.1,AsleepCore
2024-02-29 03:35:12 +0100,2024-02-29 04:09:34 +0100,34.37,AsleepDeep
2024-02-29 04:09:34 +0100,2024-02-29 04:43:56 +0100,34.36,AsleepREM
2024-02-29 04:43:56 +0100,2024-02-29 04:45:35 +0100,1.66,Awake
2024-02-29 04:45:35 +0100,2024-02-29 05:31:22 +0100,45.78,AsleepCore
2024-02-29 05:31:22 +0100,2024-02-29 05:57:09 +0100,25.77,AsleepREM
2024-02-29 05:57:09 +0100,2024-02-29 05:58:23 +0100,1.24,Awake
2024-03-01 00:53:00 +0100,2024-03-01 08:50:29 +0100,477.49,InBed
2024-03-01 01:02:18 +0100,2024-03-01 02:46:11 +0100,103.88,AsleepCore
2024-03-01 02:46:11 +0100,2024-03-01 03:35:39 +0100,49.47,AsleepDeep
2024-03-01 03:35:39 +0100,2024-03-01 04:10:24 +0100,34.74,AsleepREM
2024-03-01 04:10:24 +0100,2024-03-01 04:12:07 +0100,1.73,Awake
2024-03-01 04:12:07 +0100,2024-03-01 05:43:01 +0100,90.9,AsleepCore
2024-03-01 05:43:01 +0100,2024-03-01 06:16:00 +0100,32.98,AsleepDeep
2024-03-01 06:16:00 +0100,2024-03-01 07:02:19 +0100,46.32,AsleepREM
2024-03-01 07:02:19 +0100,2024-03-01 07:04:38 +0100,2.31,Awake
2024-03-01 07:04:38 +0100,2024-03-01 08:09:33 +0100,64.93,AsleepCore
2024-03-01 08:09:33 +0100,2024-03-01 08:44:18 +0100,34.74,AsleepREM
2024-03-01 08:44:18 +0100,2024-03-01 08:46:02 +0100,1.73,Awake
2024-03-01 22:11:00 +0100,2024-03-02 05:01:01 +0100,410.03,InBed
2024-03-01 22:18:05 +0100,2024-03-01 23:48:49 +0100,90.75,AsleepCore
2024-03-01 23:48:49 +0100,2024-03-02 00:32:48 +0100,43.97,AsleepDeep
2024-03-02 00:32:48 +0100,2024-03-02 00:56:56 +0100,24.13,AsleepREM
2024-03-02 00:56:56 +0100,2024-03-02 01:02:40 +0100,5.74,Awake
2024-03-02 01:02:40 +0100,2024-03-02 02:22:04 +0100,79.4,AsleepCore
2024-03-02 02:22:04 +0100,2024-03-02 02:51:23 +0100,29.31,AsleepDeep
2024-03-02 02:51:23 +0100,2024-03-02 03:23:34 +0100,32.18,AsleepREM
2024-03-02 03:23:34 +0100,2024-03-02 03:31:13 +0100,7.65,Awake
2024-03-02 03:31:13 +0100,2024-03-02 04:27:56 +0100,56.72,AsleepCore
2024-03-02 04:27:56 +0100,2024-03-02 04:52:04 +0100,24.13,AsleepREM
2024-03-02 04:52:04 +0100,2024-03-02 04:57:48 +0100,5.74,Awake
2024-03-02 22:40:00 +0100,2024-03-03 05:45:35 +0100,425.59,InBed
2024-03-02 22:49:35 +0100,2024-03-03 00:06:02 +0100,76.45,AsleepCore
2024-03-03 00:06:02 +0100,2024-03-03 00:38:56 +0100,32.91,AsleepDeep
2024-03-03 00:38:56 +0100,2024-03-03 01:26:47 +0100,47.84,AsleepREM
2024-03-03 01:26:47 +0100,2024-03-03 01:30:58 +0100,4.2,Awake
2024-03-03 01:30:58 +0100,2024-03-03 02:37:52 +0100,66.89,AsleepCore
2024-03-03 02:37:52 +0100,2024-03-03 02:59:48 +0100,21.94,AsleepDeep
2024-03-03 02:59:48 +0100,2024-03-03 04:03:36 +0100,63.79,AsleepREM
2024-03-03 04:03:36 +0100,2024-03-03 04:09:12 +0100,5.6,Awake
2024-03-03 04:09:12 +0100,2024-03-03 04:56:59 +0100,47.78,AsleepCore
2024-03-03 04:56:59 +0100,2024-03-03 05:44:49 +0100,47.84,AsleepREM
2024-03-03 05:44:49 +0100,2024-03-03 05:49:01 +0100,4.2,Awake
2024-03-03 23:04:00 +0100,2024-03-04 05:25:05 +0100,381.09,InBed
2024-03-03 23:09:45 +0100,2024-03-04 00:35:55 +0100,86.18,AsleepCore
2024-03-04 00:35:55 +0100,2024-03-04 01:07:13 +0100,31.3,AsleepDeep
2024-03-04 01:07:13 +0100,2024-03-04 01:35:07 +0100,27.89,AsleepREM
2024-03-04 01:35:07 +0100,2024-03-04 01:36:24 +0100,1.28,Awake
2024-03-04 01:36:24 +0100,2024-03-04 02:51:48 +0100,75.41,AsleepCore
2024-03-04 02:51:48 +0100,2024-03-04 03:12:40 +0100,20.87,AsleepDeep
2024-03-04 03:12:40 +0100,2024-03-04 03:49:51 +0100,37.19,AsleepREM
2024-03-04 03:49:51 +0100,2024-03-04 03:51:34 +0100,1.7,Awake
2024-03-04 03:51:34 +0100,2024-03-04 04:45:25 +0100,53.86,AsleepCore
2024-03-04 04:45:25 +0100,2024-03-04 05:13:19 +0100,27.89,AsleepREM
2024-03-04 05:13:19 +0100,2024-03-04 05:14:36 +0100,1.28,Awake
2024-03-05 00:48:00 +0100,2024-03-05 08:30:21 +0100,462.35,InBed
2024-03-05 00:57:58 +0100,2024-03-05 02:49:44 +0100,111.77,AsleepCore
2024-03-05 02:49:44 +0100,2024-03-05 03:31:44 +0100,41.99,AsleepDeep
2024-03-05 03:31:44 +0100,2024-03-05 03:51:22 +0100,19.63,AsleepREM
2024-03-05 03:51:22 +0100,2024-03-05 03:59:37 +0100,8.25,Awake
2024-03-05 03:59:37 +0100,2024-03-05 05:37:25 +0100,97.8,AsleepCore
2024-03-05 05:37:25 +0100,2024-03-05 06:05:24 +0100,27.99,AsleepDeep
2024-03-05 06:05:24 +0100,2024-03-05 06:31:35 +0100,26.17,AsleepREM
2024-03-05 06:31:35 +0100,2024-03-05 06:42:35 +0100,11.0,Awake
2024-03-05 06:42:35 +0100,2024-03-05 07:52:26 +0100,69.86,AsleepCore
2024-03-05 07:52:26 +0100,2024-03-05 08:12:04 +0100,19.63,AsleepREM
2024-03-05 08:12:04 +0100,2024-03-05 08:20:19 +0100,8.25,Awake
2024-03-05 23:36:00 +0100,2024-03-06 07:39:40 +0100,483.67,InBed
2024-03-05 23:43:14 +0100,2024-03-06 01:43:45 +0100,120.52,AsleepCore
2024-03-06 01:43:45 +0100,2024-03-06 02:31:09 +0100,47.4,AsleepDeep
2024-03-06 02:31:09 +0100,2024-03-06 02:55:32 +0100,24.39,AsleepREM
2024-03-06 02:55:32 +0100,2024-03-06 02:56:22 +0100,0.83,Awake
2024-03-06 02:56:22 +0100,2024-03-06 04:41:49 +0100,105.45,AsleepCore
2024-03-06 04:41:49 +0100,2024-03-06 05:13:25 +0100,31.6,AsleepDeep
2024-03-06 05:13:25 +0100,2024-03-06 05:45:56 +0100,32.52,AsleepREM
2024-03-06 05:45:56 +0100,2024-03-06 05:47:03 +0100,1.11,Awake
2024-03-06 05:47:03 +0100,2024-03-06 07:02:22 +0100,75.32,AsleepCore
2024-03-06 07:02:22 +0100,2024-03-06 07:26:46 +0100,24.39,AsleepREM
2024-03-06 07:26:46 +0100,2024-03-06 07:27:36 +0100,0.83,Awake
2024-03-06 23:48:00 +0100,2024-03-07 05:36:43 +0100,348.73,InBed
2024-03-06 23:57:08 +0100,2024-03-07 01:07:32 +0100,70.4,AsleepCore
2024-03-07 01:07:32 +0100,2024-03-07 01:57:06 +0100,49.57,AsleepDeep
2024-03-07 01:57:06 +0100,2024-03-07 02:18:31 +0100,21.42,AsleepREM
2024-03-07 02:18:31 +0100,2024-03-07 02:20:06 +0100,1.59,Awake
2024-03-07 02:20:06 +0100,2024-03-07 03:21:42 +0100,61.6,AsleepCore
2024-03-07 03:21:42 +0100,2024-03-07 03:54:45 +0100,33.05,AsleepDeep
2024-03-07 03:54:45 +0100,2024-03-07 04:23:18 +0100,28.55,AsleepREM
2024-03-07 04:23:18 +0100,2024-03-07 04:25:26 +0100,2.12,Awake
2024-03-07 04:25:26 +0100,2024-03-07 05:09:26 +0100,44.0,AsleepCore
2024-03-07 05:09:26 +0100,2024-03-07 05:30:51 +0100,21.42,AsleepREM
2024-03-07 05:30:51 +0100,2024-03-07 05:32:26 +0100,1.59,Awake
2024-03-07 23:47:00 +0100,2024-03-08 05:33:52 +0100,346.88,InBed
2024-03-07 23:50:06 +0100,2024-03-08 00:53:05 +0100,62.99,AsleepCore
2024-03-08 00:53:05 +0100,2024-03-08 01:43:53 +0100,50.8,AsleepDeep
2024-03-08 01:43:53 +0100,2024-03-08 02:10:15 +0100,26.36,AsleepREM
2024-03-08 02:10:15 +0100,2024-03-08 02:13:12 +0100,2.95,Awake
2024-03-08 02:13:12 +0100,2024-03-08 03:08:19 +0100,55.12,AsleepCore
2024-03-08 03:08:19 +0100,2024-03-08 03:42:11 +0100,33.87,AsleepDeep
2024-03-08 03:42:11 +0100,2024-03-08 04:17:19 +0100,35.14,AsleepREM
2024-03-08 04:17:19 +0100,2024-03-08 04:21:15 +0100,3.93,Awake
2024-03-08 04:21:15 +0100,2024-03-08 05:00:37 +0100,39.37,AsleepCore
2024-03-08 05:00:37 +0100,2024-03-08 05:26:59 +0100,26.36,AsleepREM
2024-03-08 05:26:59 +0100,2024-03-08 05:29:56 +0100,2.95,Awake
2024-03-08 23:33:00 +0100,2024-03-09 07:31:53 +0100,478.89,InBed
2024-03-08 23:38:46 +0100,2024-03-09 01:33:58 +0100,115.2,AsleepCore
2024-03-09 01:33:58 +0100,2024-03-09 02:14:54 +0100,40.93,AsleepDeep
2024-03-09 02:14:54 +0100,2024-03-09 02:45:09 +0100,30.25,AsleepREM
2024-03-09 02:45:09 +0100,2024-03-09 02:46:40 +0100,1.53,Awake
2024-03-09 02:46:40 +0100,2024-03-09 04:27:28 +0100,100.8,AsleepCore
2024-03-09 04:27:28 +0100,2024-03-09 04:54:45 +0100,27.28,AsleepDeep
2024-03-09 04:54:45 +0100,2024-03-09 05:35:05 +0100,40.34,AsleepREM
2024-03-09 05:35:05 +0100,2024-03-09 05:37:08 +0100,2.03,Awake
2024-03-09 05:37:08 +0100,2024-03-09 06:49:08 +0100,72.0,AsleepCore
2024-03-09 06:49:08 +0100,2024-03-09 07:19:23 +0100,30.25,AsleepREM
2024-03-09 07:19:23 +0100,2024-03-09 07:20:54 +0100,1.53,Awake
2024-03-10 00:50:00 +0100,2024-03-10 08:49:01 +0100,479.02,InBed
2024-03-10 00:59:51 +0100,2024-03-10 02:41:38 +0100,101.78,AsleepCore
2024-03-10 02:41:38 +0100,2024-03-10 03:29:27 +0100,47.82,AsleepDeep
2024-03-10 03:29:27 +0100,2024-03-10 04:08:17 +0100,38.83,AsleepREM
2024-03-10 04:08:17 +0100,2024-03-10 04:09:21 +0100,1.06,Awake
2024-03-10 04:09:21 +0100,2024-03-10 05:38:25 +0100,89.06,AsleepCore
2024-03-10 05:38:25 +0100,2024-03-10 06:10:17 +0100,31.88,AsleepDeep
2024-03-10 06:10:17 +0100,2024-03-10 07:02:04 +0100,51.77,AsleepREM
2024-03-10 07:02:04 +0100,2024-03-10 07:03:29 +0100,1.42,Awake
2024-03-10 07:03:29 +0100,2024-03-10 08:07:06 +0100,63.61,AsleepCore
2024-03-10 08:07:06 +0100,2024-03-10 08:45:55 +0100,38.83,AsleepREM
2024-03-10 08:45:55 +0100,2024-03-10 08:46:59 +0100,1.06,Awake
2024-03-10 23:12:00 +0100,2024-03-11 06:52:00 +0100,460.01,InBed
2024-03-10 23:16:16 +0100,2024-03-11 00:52:08 +0100,95.87,AsleepCore
2024-03-11 00:52:08 +0100,2024-03-11 01:20:28 +0100,28.33,AsleepDeep
2024-03-11 01:20:28 +0100,2024-03-11 02:05:28 +0100,45.0,AsleepREM
2024-03-11 02:05:28 +0100,2024-03-11 02:08:01 +0100,2.55,Awake
2024-03-11 02:08:01 +0100,2024-03-11 03:31:54 +0100,83.89,AsleepCore
2024-03-11 03:31:54 +0100,2024-03-11 03:50:47 +0100,18.88,AsleepDeep
2024-03-11 03:50:47 +0100,2024-03-11 04:50:48 +0100,60.0,AsleepREM
2024-03-11 04:50:48 +0100,2024-03-11 04:54:12 +0100,3.4,Awake
2024-03-11 04:54:12 +0100,2024-03-11 05:54:07 +0100,59.92,AsleepCore
2024-03-11 05:54:07 +0100,2024-03-11 06:39:07 +0100,45.0,AsleepREM
2024-03-11 06:39:07 +0100,2024-03-11 06:41:40 +0100,2.55,Awake
2024-03-11 23:02:00 +0100,2024-03-12 06:18:14 +0100,436.24,InBed
2024-03-11 23:06:57 +0100,2024-03-12 00:45:07 +0100,98.17,AsleepCore
2024-03-12 00:45:07 +0100,2024-03-12 01:34:47 +0100,49.68,AsleepDeep
2024-03-12 01:34:47 +0100,2024-03-12 02:02:55 +0100,28.12,AsleepREM
2024-03-12 02:02:55 +0100,2024-03-12 02:04:56 +0100,2.02,Awake
2024-03-12 02:04:56 +0100,2024-03-12 03:30:50 +0100,85.9,AsleepCore
2024-03-12 03:30:50 +0100,2024-03-12 04:03:57 +0100,33.12,AsleepDeep
2024-03-12 04:03:57 +0100,2024-03-12 04:41:27 +0100,37.5,AsleepREM
2024-03-12 04:41:27 +0100,2024-03-12 04:44:09 +0100,2.69,Awake
2024-03-12 04:44:09 +0100,2024-03-12 05:45:30 +0100,61.36,AsleepCore
2024-03-12 05:45:30 +0100,2024-03-12 06:13:37 +0100,28.12,AsleepREM
2024-03-12 06:13:37 +0100,2024-03-12 06:15:39 +0100,2.02,Awake
2024-03-12 22:20:00 +0100,2024-03-13 06:56:06 +0100,516.11,InBed
2024-03-12 22:23:16 +0100,2024-03-13 00:26:01 +0100,122.75,AsleepCore
2024-03-13 00:26:01 +0100,2024-03-13 01:10:11 +0100,44.17,AsleepDeep
2024-03-13 01:10:11 +0100,2024-03-13 01:44:46 +0100,34.57,AsleepREM
2024-03-13 01:44:46 +0100,2024-03-13 01:46:16 +0100,1.51,Awake
2024-03-13 01:46:16 +0100,2024-03-13 03:33:40 +0100,107.41,AsleepCore
2024-03-13 03:33:40 +0100,2024-03-13 04:03:07 +0100,29.45,AsleepDeep
2024-03-13 04:03:07 +0100,2024-03-13 04:49:13 +0100,46.09,AsleepREM
2024-03-13 04:49:13 +0100,2024-03-13 04:51:13 +0100,2.01,Awake
2024-03-13 04:51:13 +0100,2024-03-13 06:07:57 +0100,76.72,AsleepCore
2024-03-13 06:07:57 +0100,2024-03-13 06:42:31 +0100,34.57,AsleepREM
2024-03-13 06:42:31 +0100,2024-03-13 06:44:01 +0100,1.51,Awake
2024-03-14 00:56:00 +0100,2024-03-14 08:22:16 +0100,446.27,InBed
2024-03-14 01:04:14 +0100,2024-03-14 02:57:48 +0100,113.57,AsleepCore
2024-03-14 02:57:48 +0100,2024-03-14 03:30:41 +0100,32.89,AsleepDeep
2024-03-14 03:30:41 +0100,2024-03-14 03:56:43 +0100,26.03,AsleepREM
2024-03-14 03:56:43 +0100,2024-03-14 03:57:49 +0100,1.1,Awake
2024-03-14 03:57:49 +0100,2024-03-14 05:37:12 +0100,99.37,AsleepCore
2024-03-14 05:37:12 +0100,2024-03-14 05:59:07 +0100,21.93,AsleepDeep
2024-03-14 05:59:07 +0100,2024-03-14 06:33:50 +0100,34.71,AsleepREM
2024-03-14 06:33:50 +0100,2024-03-14 06:35:18 +0100,1.46,Awake
2024-03-14 06:35:18 +0100,2024-03-14 07:46:16 +0100,70.98,AsleepCore
2024-03-14 07:46:16 +0100,2024-03-14 08:12:18 +0100,26.03,AsleepREM
2024-03-14 08:12:18 +0100,2024-03-14 08:13:24 +0100,1.1,Awake
2024-03-14 22:14:00 +0100,2024-03-15 06:08:30 +0100,474.51,InBed
2024-03-14 22:18:46 +0100,2024-03-15 00:00:39 +0100,101.89,AsleepCore
2024-03-15 00:00:39 +0100,2024-03-15 00:43:16 +0100,42.62,AsleepDeep
2024-03-15 00:43:16 +0100,2024-03-15 01:22:20 +0100,39.07,AsleepREM
2024-03-15 01:22:20 +0100,2024-03-15 01:26:14 +0100,3.89,Awake
2024-03-15 01:26:14 +0100,2024-03-15 02:55:23 +0100,89.15,AsleepCore
2024-03-15 02:55:23 +0100,2024-03-15 03:23:48 +0100,28.42,AsleepDeep
2024-03-15 03:23:48 +0100,2024-03-15 04:15:53 +0100,52.09,AsleepREM
2024-03-15 04:15:53 +0100,2024-03-15 04:21:05 +0100,5.19,Awake
2024-03-15 04:21:05 +0100,2024-03-15 05:24:45 +0100,63.68,AsleepCore
2024-03-15 05:24:45 +0100,2024-03-15 06:03:49 +0100,39.07,AsleepREM
2024-03-15 06:03:49 +0100,2024-03-15 06:07:43 +0100,3.89,Awake
2024-03-16 00:46:00 +0100,2024-03-16 08:21:23 +0100,455.39,InBed
2024-03-16 00:52:56 +0100,2024-03-16 02:53:08 +0100,120.2,AsleepCore
2024-03-16 02:53:08 +0100,2024-03-16 03:24:50 +0100,31.69,AsleepDeep
2024-03-16 03:24:50 +0100,2024-03-16 03:51:12 +0100,26.37,AsleepREM
2024-03-16 03:51:12 +0100,2024-03-16 03:53:08 +0100,1.93,Awake
2024-03-16 03:53:08 +0100,2024-03-16 05:38:18 +0100,105.17,AsleepCore
2024-03-16 05:38:18 +0100,2024-03-16 05:59:26 +0100,21.13,AsleepDeep
2024-03-16 05:59:26 +0100,2024-03-16 06:34:36 +0100,35.16,AsleepREM
2024-03-16 06:34:36 +0100,2024-03-16 06:37:10 +0100,2.57,Awake
2024-03-16 06:37:10 +0100,2024-03-16 07:52:18 +0100,75.12,AsleepCore
2024-03-16 07:52:18 +0100,2024-03-16 08:18:40 +0100,26.37,AsleepREM
2024-03-16 08:18:40 +0100,2024-03-16 08:20:36 +0100,1.93,Awake
2024-03-17 00:21:00 +0100,2024-03-17 07:17:27 +0100,416.46,InBed
2024-03-17 00:27:21 +0100,2024-03-17 01:45:41 +0100,78.33,AsleepCore
2024-03-17 01:45:41 +0100,2024-03-17 02:41:49 +0100,56.15,AsleepDeep
2024-03-17 02:41:49 +0100,2024-03-17 03:10:34 +0100,28.74,AsleepREM
2024-03-17 03:10:34 +0100,2024-03-17 03:15:31 +0100,4.96,Awake
2024-03-17 03:15:31 +0100,2024-03-17 04:24:03 +0100,68.54,AsleepCore
2024-03-17 04:24:03 +0100,2024-03-17 05:01:29 +0100,37.43,AsleepDeep
2024-03-17 05:01:29 +0100,2024-03-17 05:39:49 +0100,38.32,AsleepREM
2024-03-17 05:39:49 +0100,2024-03-17 05:46:25 +0100,6.61,Awake
2024-03-17 05:46:25 +0100,2024-03-17 06:35:23 +0100,48.95,AsleepCore
2024-03-17 06:35:23 +0100,2024-03-17 07:04:07 +0100,28.74,AsleepREM
2024-03-17 07:04:07 +0100,2024-03-17 07:09:05 +0100,4.96,Awake
2024-03-17 23:21:00 +0100,2024-03-18 07:52:03 +0100,511.06,InBed
2024-03-17 23:28:15 +0100,2024-03-18 01:28:37 +0100,120.37,AsleepCore
2024-03-18 01:28:37 +0100,2024-03-18 02:25:17 +0100,56.68,AsleepDeep
2024-03-18 02:25:17 +0100,2024-03-18 02:53:14 +0100,27.95,AsleepREM
2024-03-18 02:53:14 +0100,2024-03-18 02:54:27 +0100,1.21,Awake
2024-03-18 02:54:27 +0100,2024-03-18 04:39:46 +0100,105.32,AsleepCore
2024-03-18 04:39:46 +0100,2024-03-18 05:17:33 +0100,37.78,AsleepDeep
2024-03-18 05:17:33 +0100,2024-03-18 05:54:49 +0100,37.26,AsleepREM
2024-03-18 05:54:49 +0100,2024-03-18 05:56:25 +0100,1.61,Awake
2024-03-18 05:56:25 +0100,2024-03-18 07:11:39 +0100,75.23,AsleepCore
2024-03-18 07:11:39 +0100,2024-03-18 07:39:36 +0100,27.95,AsleepREM
2024-03-18 07:39:36 +0100,2024-03-18 07:40:49 +0100,1.21,Awake
2024-03-18 23:58:00 +0100,2024-03-19 07:33:59 +0100,455.98,InBed
2024-03-19 00:06:38 +0100,2024-03-19 01:44:18 +0100,97.67,AsleepCore
2024-03-19 01:44:18 +0100,2024-03-19 02:32:34 +0100,48.26,AsleepDeep
2024-03-19 02:32:34 +0100,2024-03-19 03:01:33 +0100,28.99,AsleepREM
2024-03-19 03:01:33 +0100,2024-03-19 03:10:05 +0100,8.53,Awake
2024-03-19 03:10:05 +0100,2024-03-19 04:35:32 +0100,85.46,AsleepCore
2024-03-19 04:35:32 +0100,2024-03-19 05:07:43 +0100,32.18,AsleepDeep
2024-03-19 05:07:43 +0100,2024-03-19 05:46:22 +0100,38.66,AsleepREM
2024-03-19 05:46:22 +0100,2024-03-19 05:57:44 +0100,11.37,Awake
2024-03-19 05:57:44 +0100,2024-03-19 06:58:47 +0100,61.04,AsleepCore
2024-03-19 06:58:47 +0100,2024-03-19 07:27:46 +0100,28.99,AsleepREM
2024-03-19 07:27:46 +0100,2024-03-19 07:36:18 +0100,8.53,Awake
2024-03-19 22:08:00 +0100,2024-03-20 05:39:51 +0100,451.86,InBed
2024-03-19 22:11:02 +0100,2024-03-19 23:37:43 +0100,86.69,AsleepCore
2024-03-19 23:37:43 +0100,2024-03-20 00:30:57 +0100,53.24,AsleepDeep
2024-03-20 00:30:57 +0100,2024-03-20 01:05:58 +0100,35.02,AsleepREM
2024-03-20 01:05:58 +0100,2024-03-20 01:09:15 +0100,3.27,Awake
2024-03-20 01:09:15 +0100,2024-03-20 02:25:06 +0100,75.85,AsleepCore
2024-03-20 02:25:06 +0100,2024-03-20 03:00:35 +0100,35.49,AsleepDeep
2024-03-20 03:00:35 +0100,2024-03-20 03:47:17 +0100,46.7,AsleepREM
2024-03-20 03:47:17 +0100,2024-03-20 03:51:39 +0100,4.36,Awake
2024-03-20 03:51:39 +0100,2024-03-20 04:45:50 +0100,54.18,AsleepCore
2024-03-20 04:45:50 +0100,2024-03-20 05:20:51 +0100,35.02,AsleepREM
2024-03-20 05:20:51 +0100,2024-03-20 05:24:07 +0100,3.27,Awake
2024-03-21 01:29:00 +0100,2024-03-21 09:15:26 +0100,466.44,InBed
2024-03-21 01:33:18 +0100,2024-03-21 02:59:41 +0100,86.38,AsleepCore
2024-03-21 02:59:41 +0100,2024-03-21 04:06:31 +0100,66.84,AsleepDeep
2024-03-21 04:06:31 +0100,2024-03-21 04:41:05 +0100,34.56,AsleepREM
2024-03-21 04:41:05 +0100,2024-03-21 04:43:17 +0100,2.21,Awake
2024-03-21 04:43:17 +0100,2024-03-21 05:58:52 +0100,75.59,AsleepCore
2024-03-21 05:58:52 +0100,2024-03-21 06:43:26 +0100,44.56,AsleepDeep
2024-03-21 06:43:26 +0100,2024-03-21 07:29:30 +0100,46.07,AsleepREM
2024-03-21 07:29:30 +0100,2024-03-21 07:32:27 +0100,2.94,Awake
2024-03-21 07:32:27 +0100,2024-03-21 08:26:26 +0100,53.99,AsleepCore
2024-03-21 08:26:26 +0100,2024-03-21 09:01:00 +0100,34.56,AsleepREM
2024-03-21 09:01:00 +0100,2024-03-21 09:03:12 +0100,2.21,Awake
2024-03-21 23:18:00 +0100,2024-03-22 07:30:59 +0100,492.99,InBed
2024-03-21 23:23:14 +0100,2024-03-22 00:46:14 +0100,83.0,AsleepCore
2024-03-22 00:46:14 +0100,2024-03-22 01:41:35 +0100,55.35,AsleepDeep
2024-03-22 01:41:35 +0100,2024-03-22 02:26:19 +0100,44.72,AsleepREM
2024-03-22 02:26:19 +0100,2024-03-22 02:33:52 +0100,7.55,Awake
2024-03-22 02:33:52 +0100,2024-03-22 03:46:30 +0100,72.63,AsleepCore
2024-03-22 03:46:30 +0100,2024-03-22 04:23:24 +0100,36.9,AsleepDeep
2024-03-22 04:23:24 +0100,2024-03-22 05:23:01 +0100,59.63,AsleepREM
2024-03-22 05:23:01 +0100,2024-03-22 05:33:06 +0100,10.07,Awake
2024-03-22 05:33:06 +0100,2024-03-22 06:24:58 +0100,51.88,AsleepCore
2024-03-22 06:24:58 +0100,2024-03-22 07:09:41 +0100,44.72,AsleepREM
2024-03-22 07:09:41 +0100,2024-03-22 07:17:15 +0100,7.55,Awake
2024-03-22 23:05:00 +0100,2024-03-23 05:34:09 +0100,389.16,InBed
2024-03-22 23:08:49 +0100,2024-03-23 00:29:09 +0100,80.35,AsleepCore
2024-03-23 00:29:09 +0100,2024-03-23 01:07:59 +0100,38.82,AsleepDeep
2024-03-23 01:07:59 +0100,2024-03-23 01:42:41 +0100,34.71,AsleepREM
2024-03-23 01:42:41 +0100,2024-03-23 01:43:32 +0100,0.85,Awake
2024-03-23 01:43:32 +0100,2024-03-23 02:53:51 +0100,70.3,AsleepCore
2024-03-23 02:53:51 +0100,2024-03-23 03:19:43 +0100,25.88,AsleepDeep
2024-03-23 03:19:43 +0100,2024-03-23 04:06:01 +0100,46.29,AsleepREM
2024-03-23 04:06:01 +0100,2024-03-23 04:07:09 +0100,1.13,Awake
2024-03-23 04:07:09 +0100,2024-03-23 04:57:22 +0100,50.22,AsleepCore
2024-03-23 04:57:22 +0100,2024-03-23 05:32:04 +0100,34.71,AsleepREM
2024-03-23 05:32:04 +0100,2024-03-23 05:32:55 +0100,0.85,Awake
2024-03-23 23:37:00 +0100,2024-03-24 05:53:20 +0100,376.34,InBed
2024-03-23 23:45:03 +0100,2024-03-24 00:53:28 +0100,68.43,AsleepCore
2024-03-24 00:53:28 +0100,2024-03-24 01:38:50 +0100,45.37,AsleepDeep
2024-03-24 01:38:50 +0100,2024-03-24 02:06:56 +0100,28.1,AsleepREM
2024-03-24 02:06:56 +0100,2024-03-24 02:12:04 +0100,5.13,Awake
2024-03-24 02:12:04 +0100,2024-03-24 03:11:57 +0100,59.88,AsleepCore
2024-03-24 03:11:57 +0100,2024-03-24 03:42:11 +0100,30.24,AsleepDeep
2024-03-24 03:42:11 +0100,2024-03-24 04:19:39 +0100,37.46,AsleepREM
2024-03-24 04:19:39 +0100,2024-03-24 04:26:29 +0100,6.84,Awake
2024-03-24 04:26:29 +0100,2024-03-24 05:09:15 +0100,42.77,AsleepCore
2024-03-24 05:09:15 +0100,2024-03-24 05:37:21 +0100,28.1,AsleepREM
2024-03-24 05:37:21 +0100,2024-03-24 05:42:29 +0100,5.13,Awake
2024-03-24 22:28:00 +0100,2024-03-25 06:07:19 +0100,459.32,InBed
2024-03-24 22:35:26 +0100,2024-03-25 00:14:27 +0100,99.02,AsleepCore
2024-03-25 00:14:27 +0100,2024-03-25 01:04:49 +0100,50.37,AsleepDeep
2024-03-25 01:04:49 +0100,2024-03-25 01:35:56 +0100,31.11,AsleepREM
2024-03-25 01:35:56 +0100,2024-03-25 01:40:36 +0100,4.68,Awake
2024-03-25 01:40:36 +0100,2024-03-25 03:07:15 +0100,86.65,AsleepCore
2024-03-25 03:07:15 +0100,2024-03-25 03:40:50 +0100,33.58,AsleepDeep
2024-03-25 03:40:50 +0100,2024-03-25 04:22:18 +0100,41.48,AsleepREM
2024-03-25 04:22:18 +0100,2024-03-25 04:28:32 +0100,6.24,Awake
2024-03-25 04:28:32 +0100,2024-03-25 05:30:26 +0100,61.89,AsleepCore
2024-03-25 05:30:26 +0100,2024-03-25 06:01:32 +0100,31.11,AsleepREM
2024-03-25 06:01:32 +0100,2024-03-25 06:06:13 +0100,4.68,Awake
2024-03-26 01:24:00 +0100,2024-03-26 08:42:10 +0100,438.17,InBed
2024-03-26 01:30:04 +0100,2024-03-26 03:01:24 +0100,91.35,AsleepCore
2024-03-26 03:01:24 +0100,2024-03-26 03:59:43 +0100,58.31,AsleepDeep
2024-03-26 03:59:43 +0100,2024-03-26 04:24:24 +0100,24.69,AsleepREM
2024-03-26 04:24:24 +0100,2024-03-26 04:29:35 +0100,5.17,Awake
2024-03-26 04:29:35 +0100,2024-03-26 05:49:30 +0100,79.93,AsleepCore
2024-03-26 05:49:30 +0100,2024-03-26 06:28:23 +0100,38.87,AsleepDeep
2024-03-26 06:28:23 +0100,2024-03-26 07:01:18 +0100,32.92,AsleepREM
2024-03-26 07:01:18 +0100,2024-03-26 07:08:11 +0100,6.89,Awake
2024-03-26 07:08:11 +0100,2024-03-26 08:05:17 +0100,57.09,AsleepCore
2024-03-26 08:05:17 +0100,2024-03-26 08:29:58 +0100,24.69,AsleepREM
2024-03-26 08:29:58 +0100,2024-03-26 08:35:08 +0100,5.17,Awake
2024-03-26 23:16:00 +0100,2024-03-27 06:32:28 +0100,436.48,InBed
2024-03-26 23:21:19 +0100,2024-03-27 00:52:33 +0100,91.24,AsleepCore
2024-03-27 00:52:33 +0100,2024-03-27 01:37:15 +0100,44.69,AsleepDeep
2024-03-27 01:37:15 +0100,2024-03-27 02:09:15 +0100,32.0,AsleepREM
2024-03-27 02:09:15 +0100,2024-03-27 02:13:59 +0100,4.73,Awake
2024-03-27 02:13:59 +0100,2024-03-27 03:33:49 +0100,79.83,AsleepCore
2024-03-27 03:33:49 +0100,2024-03-27 04:03:36 +0100,29.79,AsleepDeep
2024-03-27 04:03:36 +0100,2024-03-27 04:46:16 +0100,42.67,AsleepREM
2024-03-27 04:46:16 +0100,2024-03-27 04:52:35 +0100,6.31,Awake
2024-03-27 04:52:35 +0100,2024-03-27 05:49:36 +0100,57.02,AsleepCore
2024-03-27 05:49:36 +0100,2024-03-27 06:21:36 +0100,32.0,AsleepREM
2024-03-27 06:21:36 +0100,2024-03-27 06:26:20 +0100,4.73,Awake
2024-03-28 00:41:00 +0100,2024-03-28 08:23:42 +0100,462.7,InBed
2024-03-28 00:46:10 +0100,2024-03-28 02:06:29 +0100,80.3,AsleepCore
2024-03-28 02:06:29 +0100,2024-03-28 03:22:13 +0100,75.75,AsleepDeep
2024-03-28 03:22:13 +0100,2024-03-28 03:54:42 +0100,32.47,AsleepREM
2024-03-28 03:54:42 +0100,2024-03-28 04:00:45 +0100,6.06,Awake
2024-03-28 04:00:45 +0100,2024-03-28 05:11:01 +0100,70.27,AsleepCore
2024-03-28 05:11:01 +0100,2024-03-28 06:01:31 +0100,50.5,AsleepDeep
2024-03-28 06:01:31 +0100,2024-03-28 06:44:48 +0100,43.29,AsleepREM
2024-03-28 06:44:48 +0100,2024-03-28 06:52:53 +0100,8.08,Awake
2024-03-28 06:52:53 +0100,2024-03-28 07:43:04 +0100,50.19,AsleepCore
2024-03-28 07:43:04 +0100,2024-03-28 08:15:33 +0100,32.47,AsleepREM
2024-03-28 08:15:33 +0100,2024-03-28 08:21:36 +0100,6.06,Awake
2024-03-28 23:54:00 +0100,2024-03-29 07:03:34 +0100,429.58,InBed
2024-03-28 23:57:46 +0100,2024-03-29 01:16:37 +0100,78.84,AsleepCore
2024-03-29 01:16:37 +0100,2024-03-29 02:25:39 +0100,69.05,AsleepDeep
2024-03-29 02:25:39 +0100,2024-03-29 02:53:15 +0100,27.59,AsleepREM
2024-03-29 02:53:15 +0100,2024-03-29 02:55:41 +0100,2.43,Awake
2024-03-29 02:55:41 +0100,2024-03-29 04:04:40 +0100,68.99,AsleepCore
2024-03-29 04:04:40 +0100,2024-03-29 04:50:42 +0100,46.03,AsleepDeep
2024-03-29 04:50:42 +0100,2024-03-29 05:27:29 +0100,36.79,AsleepREM
2024-03-29 05:27:29 +0100,2024-03-29 05:30:44 +0100,3.24,Awake
2024-03-29 05:30:44 +0100,2024-03-29 06:20:00 +0100,49.28,AsleepCore
2024-03-29 06:20:00 +0100,2024-03-29 06:47:36 +0100,27.59,AsleepREM
2024-03-29 06:47:36 +0100,2024-03-29 06:50:02 +0100,2.43,Awake
2024-03-30 00:23:00 +0100,2024-03-30 08:06:36 +0100,463.62,InBed
2024-03-30 00:30:29 +0100,2024-03-30 02:09:16 +0100,98.78,AsleepCore
2024-03-30 02:09:16 +0100,2024-03-30 03:18:49 +0100,69.55,AsleepDeep
2024-03-30 03:18:49 +0100,2024-03-30 03:36:42 +0100,17.88,AsleepREM
2024-03-30 03:36:42 +0100,2024-03-30 03:44:18 +0100,7.6,Awake
2024-03-30 03:44:18 +0100,2024-03-30 05:10:44 +0100,86.43,AsleepCore
2024-03-30 05:10:44 +0100,2024-03-30 05:57:06 +0100,46.37,AsleepDeep
2024-03-30 05:57:06 +0100,2024-03-30 06:20:57 +0100,23.84,AsleepREM
2024-03-30 06:20:57 +0100,2024-03-30 06:31:05 +0100,10.13,Awake
2024-03-30 06:31:05 +0100,2024-03-30 07:32:49 +0100,61.74,AsleepCore
2024-03-30 07:32:49 +0100,2024-03-30 07:50:42 +0100,17.88,AsleepREM
2024-03-30 07:50:42 +0100,2024-03-30 07:58:18 +0100,7.6,Awake
2024-03-31 00:35:00 +0100,2024-03-31 08:29:58 +0100,474.98,InBed
2024-03-31 00:42:06 +0100,2024-03-31 02:43:26 +0100,121.34,AsleepCore
2024-03-31 02:43:26 +0100,2024-03-31 03:25:55 +0100,42.49,AsleepDeep
2024-03-31 03:25:55 +0100,2024-03-31 03:49:22 +0100,23.44,AsleepREM
2024-03-31 03:49:22 +0100,2024-03-31 03:53:59 +0100,4.61,Awake
2024-03-31 03:53:59 +0100,2024-03-31 05:40:09 +0100,106.17,AsleepCore
2024-03-31 05:40:09 +0100,2024-03-31 06:08:29 +0100,28.32,AsleepDeep
2024-03-31 06:08:29 +0100,2024-03-31 06:39:44 +0100,31.26,AsleepREM
2024-03-31 06:39:44 +0100,2024-03-31 06:45:53 +0100,6.15,Awake
2024-03-31 06:45:53 +0100,2024-03-31 08:01:43 +0100,75.84,AsleepCore
2024-03-31 08:01:43 +0100,2024-03-31 08:25:10 +0100,23.44,AsleepREM
2024-03-31 08:25:10 +0100,2024-03-31 08:29:47 +0100,4.61,Awake
2024-03-31 23:24:00 +0100,2024-04-01 07:35:21 +0100,491.36,InBed
2024-03-31 23:31:33 +0100,2024-04-01 01:10:10 +0100,98.61,AsleepCore
2024-04-01 01:10:10 +0100,2024-04-01 02:16:21 +0100,66.2,AsleepDeep
2024-04-01 02:16:21 +0100,2024-04-01 02:47:01 +0100,30.66,AsleepREM
2024-04-01 02:47:01 +0100,2024-04-01 02:55:06 +0100,8.09,Awake
2024-04-01 02:55:06 +0100,2024-04-01 04:21:23 +0100,86.28,AsleepCore
2024-04-01 04:21:23 +0100,2024-04-01 05:05:31 +0100,44.13,AsleepDeep
2024-04-01 05:05:31 +0100,2024-04-01 05:46:24 +0100,40.88,AsleepREM
2024-04-01 05:46:24 +0100,2024-04-01 05:57:11 +0100,10.78,Awake
2024-04-01 05:57:11 +0100,2024-04-01 06:58:49 +0100,61.63,AsleepCore
2024-04-01 06:58:49 +0100,2024-04-01 07:29:29 +0100,30.66,AsleepREM
2024-04-01 07:29:29 +0100,2024-04-01 07:37:34 +0100,8.09,Awake
2024-04-02 00:30:00 +0100,2024-04-02 06:50:26 +0100,380.45,InBed
2024-04-02 00:39:53 +0100,2024-04-02 02:07:48 +0100,87.91,AsleepCore
2024-04-02 02:07:48 +0100,2024-04-02 02:45:17 +0100,37.48,AsleepDeep
2024-04-02 02:45:17 +0100,2024-04-02 03:08:30 +0100,23.22,AsleepREM
2024-04-02 03:08:30 +0100,2024-04-02 03:12:44 +0100,4.23,Awake
2024-04-02 03:12:44 +0100,2024-04-02 04:29:39 +0100,76.92,AsleepCore
2024-04-02 04:29:39 +0100,2024-04-02 04:54:38 +0100,24.99,AsleepDeep
2024-04-02 04:54:38 +0100,2024-04-02 05:25:36 +0100,30.95,AsleepREM
2024-04-02 05:25:36 +0100,2024-04-02 05:31:14 +0100,5.65,Awake
2024-04-02 05:31:14 +0100,2024-04-02 06:26:11 +0100,54.95,AsleepCore
2024-04-02 06:26:11 +0100,2024-04-02 06:49:24 +0100,23.22,AsleepREM
2024-04-02 06:49:24 +0100,2024-04-02 06:53:38 +0100,4.23,Awake
2024-04-03 00:53:00 +0100,2024-04-03 08:09:14 +0100,436.24,InBed
2024-04-03 00:57:26 +0100,2024-04-03 02:41:02 +0100,103.6,AsleepCore
2024-04-03 02:41:02 +0100,2024-04-03 03:19:44 +0100,38.71,AsleepDeep
2024-04-03 03:19:44 +0100,2024-04-03 03:42:18 +0100,22.56,AsleepREM
2024-04-03 03:42:18 +0100,2024-04-03 03:48:42 +0100,6.41,Awake
2024-04-03 03:48:42 +0100,2024-04-03 05:19:21 +0100,90.65,AsleepCore
2024-04-03 05:19:21 +0100,2024-04-03 05:45:10 +0100,25.81,AsleepDeep
2024-04-03 05:45:10 +0100,2024-04-03 06:15:14 +0100,30.08,AsleepREM
2024-04-03 06:15:14 +0100,2024-04-03 06:23:47 +0100,8.55,Awake
2024-04-03 06:23:47 +0100,2024-04-03 07:28:32 +0100,64.75,AsleepCore
2024-04-03 07:28:32 +0100,2024-04-03 07:51:06 +0100,22.56,AsleepREM
2024-04-03 07:51:06 +0100,2024-04-03 07:57:30 +0100,6.41,Awake
2024-04-04 00:25:00 +0100,2024-04-04 07:01:15 +0100,396.26,InBed
2024-04-04 00:34:25 +0100,2024-04-04 01:42:12 +0100,67.77,AsleepCore
2024-04-04 01:42:12 +0100,2024-04-04 02:32:59 +0100,50.79,AsleepDeep
2024-04-04 02:32:59 +0100,2024-04-04 03:09:06 +0100,36.11,AsleepREM
2024-04-04 03:09:06 +0100,2024-04-04 03:11:58 +0100,2.88,Awake
2024-04-04 03:11:58 +0100,2024-04-04 04:11:16 +0100,59.3,AsleepCore
2024-04-04 04:11:16 +0100,2024-04-04 04:45:08 +0100,33.86,AsleepDeep
2024-04-04 04:45:08 +0100,2024-04-04 05:33:17 +0100,48.15,AsleepREM
2024-04-04 05:33:17 +0100,2024-04-04 05:37:07 +0100,3.84,Awake
2024-04-04 05:37:07 +0100,2024-04-04 06:19:29 +0100,42.36,AsleepCore
2024-04-04 06:19:29 +0100,2024-04-04 06:55:35 +0100,36.11,AsleepREM
2024-04-04 06:55:35 +0100,2024-04-04 06:58:28 +0100,2.88,Awake
2024-04-04 23:58:00 +0100,2024-04-05 06:55:14 +0100,417.24,InBed
2024-04-05 00:05:03 +0100,2024-04-05 01:32:48 +0100,87.75,AsleepCore
2024-04-05 01:32:48 +0100,2024-04-05 02:03:33 +0100,30.75,AsleepDeep
2024-04-05 02:03:33 +0100,2024-04-05 02:33:11 +0100,29.62,AsleepREM
2024-04-05 02:33:11 +0100,2024-04-05 02:44:25 +0100,11.23,Awake
2024-04-05 02:44:25 +0100,2024-04-05 04:01:11 +0100,76.78,AsleepCore
2024-04-05 04:01:11 +0100,2024-04-05 04:21:42 +0100,20.5,AsleepDeep
2024-04-05 04:21:42 +0100,2024-04-05 05:01:11 +0100,39.49,AsleepREM
2024-04-05 05:01:11 +0100,2024-04-05 05:16:10 +0100,14.98,Awake
2024-04-05 05:16:10 +0100,2024-04-05 06:11:00 +0100,54.84,AsleepCore
2024-04-05 06:11:00 +0100,2024-04-05 06:40:37 +0100,29.62,AsleepREM
2024-04-05 06:40:37 +0100,2024-04-05 06:51:51 +0100,11.23,Awake
2024-04-06 00:27:00 +0100,2024-04-06 07:54:45 +0100,447.76,InBed
2024-04-06 00:36:58 +0100,2024-04-06 01:57:37 +0100,80.64,AsleepCore
2024-04-06 01:57:37 +0100,2024-04-06 03:01:33 +0100,63.93,AsleepDeep
2024-04-06 03:01:33 +0100,2024-04-06 03:36:09 +0100,34.61,AsleepREM
2024-04-06 03:36:09 +0100,2024-04-06 03:41:32 +0100,5.39,Awake
2024-04-06 03:41:32 +0100,2024-04-06 04:52:06 +0100,70.56,AsleepCore
2024-04-06 04:52:06 +0100,2024-04-06 05:34:43 +0100,42.62,AsleepDeep
2024-04-06 05:34:43 +0100,2024-04-06 06:20:52 +0100,46.15,AsleepREM
2024-04-06 06:20:52 +0100,2024-04-06 06:28:03 +0100,7.18,Awake
2024-04-06 06:28:03 +0100,2024-04-06 07:18:27 +0100,50.4,AsleepCore
2024-04-06 07:18:27 +0100,2024-04-06 07:53:04 +0100,34.61,AsleepREM
2024-04-06 07:53:04 +0100,2024-04-06 07:58:27 +0100,5.39,Awake
2024-04-06 23:00:00 +0100,2024-04-07 06:00:13 +0100,420.23,InBed
2024-04-06 23:08:51 +0100,2024-04-07 00:17:36 +0100,68.75,AsleepCore
2024-04-07 00:17:36 +0100,2024-04-07 01:03:03 +0100,45.45,AsleepDeep
2024-04-07 01:03:03 +0100,2024-04-07 01:43:00 +0100,39.95,AsleepREM
2024-04-07 01:43:00 +0100,2024-04-07 01:51:38 +0100,8.62,Awake
2024-04-07 01:51:38 +0100,2024-04-07 02:51:47 +0100,60.16,AsleepCore
2024-04-07 02:51:47 +0100,2024-04-07 03:22:05 +0100,30.3,AsleepDeep
2024-04-07 03:22:05 +0100,2024-04-07 04:15:22 +0100,53.27,AsleepREM
2024-04-07 04:15:22 +0100,2024-04-07 04:26:52 +0100,11.5,Awake
2024-04-07 04:26:52 +0100,2024-04-07 05:09:50 +0100,42.97,AsleepCore
2024-04-07 05:09:50 +0100,2024-04-07 05:49:47 +0100,39.95,AsleepREM
2024-04-07 05:49:47 +0100,2024-04-07 05:58:24 +0100,8.62,Awake
2024-04-07 23:00:00 +0100,2024-04-08 06:14:58 +0100,434.97,InBed
2024-04-07 23:03:43 +0100,2024-04-08 00:51:17 +0100,107.57,AsleepCore
2024-04-08 00:51:17 +0100,2024-04-08 01:52:18 +0100,61.02,AsleepDeep
2024-04-08 01:52:18 +0100,2024-04-08 02:03:40 +0100,11.37,AsleepREM
2024-04-08 02:03:40 +0100,2024-04-08 02:06:40 +0100,2.99,Awake
2024-04-08 02:06:40 +0100,2024-04-08 03:40:47 +0100,94.12,AsleepCore
2024-04-08 03:40:47 +0100,2024-04-08 04:21:28 +0100,40.68,AsleepDeep
2024-04-08 04:21:28 +0100,2024-04-08 04:36:37 +0100,15.16,AsleepREM
2024-04-08 04:36:37 +0100,2024-04-08 04:40:37 +0100,3.99,Awake
2024-04-08 04:40:37 +0100,2024-04-08 05:47:50 +0100,67.23,AsleepCore
2024-04-08 05:47:50 +0100,2024-04-08 05:59:13 +0100,11.37,AsleepREM
2024-04-08 05:59:13 +0100,2024-04-08 06:02:12 +0100,2.99,Awake
2024-04-08 23:54:00 +0100,2024-04-09 07:34:09 +0100,460.16,InBed
2024-04-09 00:02:52 +0100,2024-04-09 01:40:33 +0100,97.68,AsleepCore
2024-04-09 01:40:33 +0100,2024-04-09 02:11:16 +0100,30.72,AsleepDeep
2024-04-09 02:11:16 +0100,2024-04-09 02:46:38 +0100,35.35,AsleepREM
2024-04-09 02:46:38 +0100,2024-04-09 02:54:48 +0100,8.17,Awake
2024-04-09 02:54:48 +0100,2024-04-09 04:20:16 +0100,85.47,AsleepCore
2024-04-09 04:20:16 +0100,2024-04-09 04:40:45 +0100,20.48,AsleepDeep
2024-04-09 04:40:45 +0100,2024-04-09 05:27:53 +0100,47.14,AsleepREM
2024-04-09 05:27:53 +0100,2024-04-09 05:38:46 +0100,10.89,Awake
2024-04-09 05:38:46 +0100,2024-04-09 06:39:49 +0100,61.05,AsleepCore
2024-04-09 06:39:49 +0100,2024-04-09 07:15:11 +0100,35.35,AsleepREM
2024-04-09 07:15:11 +0100,2024-04-09 07:23:21 +0100,8.17,Awake
2024-04-10 00:07:00 +0100,2024-04-10 08:00:37 +0100,473.63,InBed
2024-04-10 00:15:38 +0100,2024-04-10 01:47:24 +0100,91.78,AsleepCore
2024-04-10 01:47:24 +0100,2024-04-10 02:56:07 +0100,68.71,AsleepDeep
2024-04-10 02:56:07 +0100,2024-04-10 03:28:40 +0100,32.56,AsleepREM
2024-04-10 03:28:40 +0100,2024-04-10 03:30:16 +0100,1.6,Awake
2024-04-10 03:30:16 +0100,2024-04-10 04:50:35 +0100,80.3,AsleepCore
2024-04-10 04:50:35 +0100,2024-04-10 05:36:23 +0100,45.81,AsleepDeep
2024-04-10 05:36:23 +0100,2024-04-10 06:19:47 +0100,43.41,AsleepREM
2024-04-10 06:19:47 +0100,2024-04-10 06:21:56 +0100,2.14,Awake
2024-04-10 06:21:56 +0100,2024-04-10 07:19:17 +0100,57.36,AsleepCore
2024-04-10 07:19:17 +0100,2024-04-10 07:51:51 +0100,32.56,AsleepREM
2024-04-10 07:51:51 +0100,2024-04-10 07:53:27 +0100,1.6,Awake
2024-04-11 01:31:00 +0100,2024-04-11 09:13:36 +0100,462.61,InBed
2024-04-11 01:34:36 +0100,2024-04-11 03:08:42 +0100,94.09,AsleepCore
2024-04-11 03:08:42 +0100,2024-04-11 03:43:52 +0100,35.17,AsleepDeep
2024-04-11 03:43:52 +0100,2024-04-11 04:24:53 +0100,41.01,AsleepREM
2024-04-11 04:24:53 +0100,2024-04-11 04:31:32 +0100,6.66,Awake
2024-04-11 04:31:32 +0100,2024-04-11 05:53:52 +0100,82.33,AsleepCore
2024-04-11 05:53:52 +0100,2024-04-11 06:17:19 +0100,23.45,AsleepDeep
2024-04-11 06:17:19 +0100,2024-04-11 07:12:00 +0100,54.68,AsleepREM
2024-04-11 07:12:00 +0100,2024-04-11 07:20:52 +0100,8.88,Awake
2024-04-11 07:20:52 +0100,2024-04-11 08:19:41 +0100,58.81,AsleepCore
2024-04-11 08:19:41 +0100,2024-04-11 09:00:42 +0100,41.01,AsleepREM
2024-04-11 09:00:42 +0100,2024-04-11 09:07:21 +0100,6.66,Awake
2024-04-12 00:32:00 +0100,2024-04-12 08:15:49 +0100,463.82,InBed
2024-04-12 00:37:39 +0100,2024-04-12 02:00:44 +0100,83.09,AsleepCore
2024-04-12 02:00:44 +0100,2024-04-12 02:53:57 +0100,53.21,AsleepDeep
2024-04-12 02:53:57 +0100,2024-04-12 03:35:26 +0100,41.48,AsleepREM
2024-04-12 03:35:26 +0100,2024-04-12 03:41:30 +0100,6.08,Awake
2024-04-12 03:41:30 +0100,2024-04-12 04:54:13 +0100,72.7,AsleepCore
2024-04-12 04:54:13 +0100,2024-04-12 05:29:41 +0100,35.48,AsleepDeep
2024-04-12 05:29:41 +0100,2024-04-12 06:25:00 +0100,55.31,AsleepREM
2024-04-12 06:25:00 +0100,2024-04-12 06:33:06 +0100,8.1,Awake
2024-04-12 06:33:06 +0100,2024-04-12 07:25:01 +0100,51.93,AsleepCore
2024-04-12 07:25:01 +0100,2024-04-12 08:06:30 +0100,41.48,AsleepREM
2024-04-12 08:06:30 +0100,2024-04-12 08:12:35 +0100,6.08,Awake
2024-04-12 23:11:00 +0100,2024-04-13 06:27:39 +0100,436.66,InBed
2024-04-12 23:19:20 +0100,2024-04-13 00:50:52 +0100,91.53,AsleepCore
2024-04-13 00:50:52 +0100,2024-04-13 01:48:10 +0100,57.3,AsleepDeep
2024-04-13 01:48:10 +0100,2024-04-13 02:10:27 +0100,22.28,AsleepREM
2024-04-13 02:10:27 +0100,2024-04-13 02:16:06 +0100,5.65,Awake
2024-04-13 02:16:06 +0100,2024-04-13 03:36:12 +0100,80.09,AsleepCore
2024-04-13 03:36:12 +0100,2024-04-13 04:14:24 +0100,38.2,AsleepDeep
2024-04-13 04:14:24 +0100,2024-04-13 04:44:06 +0100,29.71,AsleepREM
2024-04-13 04:44:06 +0100,2024-04-13 04:51:38 +0100,7.53,Awake
2024-04-13 04:51:38 +0100,2024-04-13 05:48:51 +0100,57.21,AsleepCore
2024-04-13 05:48:51 +0100,2024-04-13 06:11:07 +0100,22.28,AsleepREM
2024-04-13 06:11:07 +0100,2024-04-13 06:16:46 +0100,5.65,Awake
